u,v,buildings_count
118744,1277939654,1
118744,1277939659,2
125401,527857404,3
125423,6465638890,6
725111,2398732086,1
725307,1060105714,1
6503253,8084559,1
7211080,5487431874,1
7235762,298870632,1
7244214,6863780755,1
7487092,4732883899,1
7640653,281064347,2
7663289,9922161473,1
7773050,4679112814,1
8084559,6503253,1
8086653,1029561269,1
8088634,5451372895,2
8089406,5779115288,1
8089417,257790049,1
8233786,3305197395,1
8324098,300094195,1
8574699,115428919,1
10939349,4980714610,1
12723463,1341480228,1
12727440,5282558845,1
12727448,5282565524,1
17914817,8447283459,1
18088993,1579405428,1
18311958,9549153727,1
20919917,8493139242,1
20922325,10886082016,1
20922352,698335,1
20922362,1656016339,1
20927539,266845327,2
20927543,266845355,2
20930086,7512157735,1
21770176,21770177,2
24956264,25182358,1
24956264,2689495815,1
24956264,2689497853,1
24956264,2689497854,1
24973072,3910377297,1
25182358,24956264,1
25284535,2534762559,1
25962608,434950621,2
26154565,1359759108,1
26201555,2042811820,1
26201555,2104860290,1
26201555,9704717403,1
26236993,424561746,1
26236995,1250127776,1
26237010,2021789797,1
26489354,26489393,1
26489393,26489354,1
26490149,26490185,1
26490177,3392584318,1
26490185,26490149,1
26490190,3392584321,1
26490192,26490198,1
26490198,26490192,1
26630844,2324008071,2
30403909,546473988,1
31828135,7434992308,1
95871968,1264885081,1
115428919,8574699,1
247705592,606927495,1
249633141,5346552168,1
250621643,1574092449,1
257789992,10741249749,1
257789994,6525157221,1
257790016,5779085196,1
257790024,540354341,2
257790024,5923212553,1
257790024,6943455277,1
257790024,9725124545,2
257790043,3092862093,1
257790049,8089417,1
257790049,738986838,1
257790076,4945414579,1
257802835,257802842,1
257802842,257802835,1
257802926,3452020159,1
257936895,257936896,1
257936896,257936895,1
266497639,1488281412,1
266845327,20927539,2
266845355,20927543,2
271440188,1577444080,1
272862367,272864237,1
272863871,303850514,1
272864237,272862367,1
277634354,4924695568,1
278619677,1871856409,1
279992717,411631105,1
280009128,9534611999,1
281064347,7640653,2
282681741,9205542211,1
282710357,8021351073,1
283103424,286508742,1
285507652,286577815,1
286401979,2726514262,1
286508742,283103424,1
286514074,9946705065,1
286577815,285507652,1
287346374,3635229228,1
287560137,5942407035,1
287910042,2038058752,1
288360640,6407726379,1
290370671,290370730,1
290370730,290370671,1
290719275,1574046642,2
290726349,9836290324,1
291748961,5308391495,2
291748966,291748994,1
291748966,1803790466,1
291748966,5308391495,1
291748994,291748966,1
291748994,291748998,1
291748994,1803790466,1
291748998,291748994,1
294211787,1578303574,2
295966949,298719866,1
296363322,9339036960,1
296377585,8883235573,1
297675643,8493001073,1
297675647,8493001065,1
297975763,297975844,1
297975844,297975763,1
298630884,5999985006,1
298719866,295966949,1
298719866,298719867,1
298719866,354494665,1
298719867,298719866,1
298719867,298719902,1
298719867,354494667,1
298719902,298719867,1
298795604,298795608,2
298795722,1744193952,1
298795793,2405293237,1
298870632,7235762,1
298870641,8963077222,1
299402277,299402278,1
299402278,299402277,1
300094195,8324098,1
300094236,1617144189,1
300094243,1617144189,2
300361944,300361948,3
300934912,300934915,3
300934912,1617144170,1
300934915,300934912,3
300934915,300934919,1
300934919,300934915,1
300934919,1617144189,1
300934926,300934931,1
300934931,300934926,1
303345525,1625107338,1
303345529,1625107338,2
303850514,272863871,1
307305949,10975159553,1
311364416,311364418,1
311364418,311364416,1
312389069,312389073,1
312389073,312389069,1
315018172,4980714613,2
315018174,4980714610,1
318309843,1579437285,1
319833065,319833149,1
319833149,319833065,1
323206315,323206318,1
323206318,323206315,1
335975499,1303503115,1
340549978,7329860069,1
340552664,9834619255,1
340552665,9834619257,1
340552667,9833444989,1
340552670,9833444992,1
354494665,298719866,1
354494667,298719867,1
368366811,368366812,1
368366812,368366811,1
388241676,1574030631,1
393190127,393192115,1
393192115,393190127,1
393193944,422981307,1
393811343,422954988,1
393811357,1597538204,1
411631105,279992717,1
420079485,9091138298,1
421416380,9091138297,1
422953464,1652696656,1
422954988,393811343,1
422981307,393193944,1
422982024,422982042,1
422982042,422982024,1
424561746,26236993,1
428915975,1657479288,1
434950621,25962608,2
434950621,1605049398,1
434950621,1605049399,1
434950621,1605054225,1
437116297,7917107521,1
454425114,3017829976,1
454425114,3017829987,1
454435082,3017829951,1
454435082,3017829966,1
454438852,3017829976,1
458731126,6720655338,1
477359021,1597538210,1
478634574,3105222847,1
478634655,478634713,1
478634690,3105224665,1
478634713,478634655,1
516688278,516688280,1
516688278,516688285,1
516688280,516688278,1
516688285,516688278,1
518794021,518794058,1
518794058,518794021,1
527857430,5779115288,1
527857430,9011066869,1
528550393,1578141441,1
530788433,1623906353,1
534922762,534922775,4
534922775,534922762,4
538264851,1655806643,1
538264851,4980714615,1
538264851,4980714618,1
540354341,257790024,2
540354341,9725124545,1
546473988,30403909,1
546474328,10298146968,1
564829755,3470622731,1
564838228,5200116751,1
569008810,569012014,1
569012014,569008810,1
577282351,894797486,1
586436646,2253529695,1
588481080,4924695591,1
593869908,5680196761,2
593869909,1578282344,1
593869909,5680196749,1
593869909,10229248950,1
595293330,5680196415,2
598197056,1607399522,1
606807429,1217537070,1
606927495,247705592,1
618600678,618819387,1
618819387,618600678,1
618888980,9249471121,1
619149351,7919711315,1
661727398,661727424,1
661727424,661727398,1
662159931,3330007041,1
664674441,665667410,1
664688349,665667410,1
665667410,664674441,1
665667410,664688349,1
665667410,8490863547,1
677318854,6441682128,1
727392864,4646072528,1
735113193,4218000684,1
738986838,257790049,1
750562799,991953466,1
750562799,1574046644,1
750562799,1625107338,1
750562805,761504174,2
761504174,750562805,2
761504174,1625107351,1
761504200,762430698,1
762430698,761504200,1
782419346,782419343,3
894797486,577282351,1
991953466,750562799,1
1016414370,1417462543,1
1029561269,8086653,1
1029964792,1029964923,1
1029964923,1029964792,1
1029964923,1029964935,1
1029964923,4527950108,1
1029964935,1029964923,1
1030052274,8491220696,1
1038414672,5504104611,2
1042960563,1042960567,1
1042960564,1776959577,1
1042960676,1042960501,1
1052225510,1052225650,1
1052225650,1052225510,1
1052300378,1052300609,1
1052300481,1052300964,1
1052300609,1052300378,1
1052300964,1052300481,1
1052708411,9349799273,1
1056744912,4242967144,1
1059671135,7600398062,1
1059671260,7600398062,1
1060100646,1060100649,1
1060100649,1060100646,1
1060105714,725307,1
1064480627,1236327016,1
1085719231,1282583541,1
1106829493,6535947078,1
1116920301,1801667988,1
1118902642,1525958055,1
1146193390,1865279319,1
1165951437,1165951441,1
1165951441,1165951437,1
1190852543,10255680847,2
1190873106,2737213869,1
1191094677,1282582806,1
1204573687,1204573692,1
1204573692,1204573687,1
1207705259,1207705262,1
1207705262,1207705259,1
1207717269,1335403236,1
1217365722,8402199161,1
1217537068,1217537074,1
1217537070,606807429,1
1217537074,1217537068,1
1227809476,1236259021,1
1227859795,1236322714,1
1227859811,8677607161,1
1235112791,1435817376,1
1236258992,4637495416,1
1236259018,4637495429,1
1236259021,1227809476,1
1236322714,1227859795,1
1236327016,1064480627,1
1236587497,1236587502,1
1236587502,1236587497,1
1236587502,4666932066,1
1236615398,1236615403,1
1236615403,1236615398,1
1247869998,2022036970,1
1247869998,5885722758,1
1249999724,1524424891,1
1249999724,1574030661,1
1250127717,1250127829,1
1250127776,26236995,1
1250127800,5807881056,1
1250127829,1250127717,1
1250127866,5807881056,1
1250127877,1250127882,1
1250127882,1250127877,1
1251312670,1620270240,1
1255213422,1631127483,1
1255233390,1305669021,1
1264885081,95871968,1
1269666940,1269666944,1
1269666944,1269666940,1
1270978951,1270978990,1
1270978951,1270979166,1
1270978951,10149096121,1
1270978990,1270978951,1
1270979166,1270978951,1
1277430423,1277430509,1
1277430509,1277430423,1
1277435586,2114211477,1
1277939645,1277939649,1
1277939646,1277939651,1
1277939646,1277939653,1
1277939646,3496749420,1
1277939649,1277939645,1
1277939649,1277939652,1
1277939649,1277939653,1
1277939651,1277939646,1
1277939652,1277939649,1
1277939652,1277939655,1
1277939652,1277939665,1
1277939652,3496749436,1
1277939653,1277939646,1
1277939653,1277939655,1
1277939654,118744,1
1277939654,1277939656,1
1277939654,1294343345,1
1277939654,6167979447,1
1277939655,1277939652,1
1277939655,1277939661,1
1277939656,1277939654,1
1277939656,4924695592,1
1277939659,118744,1
1277939659,6167979440,1
1277939659,6167979447,1
1277939660,1277939663,1
1277939661,1277939663,1
1277939661,3496749436,1
1277939662,6167979444,1
1277939662,6167979445,1
1277939663,1277939660,1
1277939663,1277939662,1
1277939664,1277939665,1
1277939664,3496749439,1
1277939664,6167979447,1
1277939665,1277939652,1
1277939665,1277939664,1
1277939665,3496749438,1
1282582806,1191094677,1
1282583541,1085719231,1
1287522420,1599626044,1
1294343345,1277939654,1
1294343345,1277939656,1
1303503115,335975499,1
1305669021,1255233390,1
1305669021,1505684178,2
1316467057,6167117602,1
1316467061,1783563297,1
1334722491,1334722510,1
1334722510,1334722491,1
1334722529,1334722545,1
1334722545,1334722529,1
1335403236,1207717269,1
1337346409,10013237545,1
1341480228,12723463,1
1342119436,1342119438,1
1342119436,1342119441,1
1342119438,1342119436,1
1342119441,1342119436,1
1359759108,26154565,1
1364396418,1364396494,1
1364396494,1364396418,1
1366703188,10621586548,1
1366703274,1366703277,1
1366703277,1366703274,1
1394653498,10282516677,1
1396103877,1396103881,1
1396103881,1396103877,1
1411996814,1412098876,1
1412098876,1411996814,1
1412129492,1417797177,2
1414164108,1414164113,1
1414164113,1414164108,1
1416141846,1416141846,2
1416141901,10671281866,1
1417462543,1016414370,1
1417797177,1412129492,2
1419589855,2051881003,1
1419622835,7187568430,1
1435817322,1435817328,1
1435817328,1435817322,1
1435817328,1435817350,1
1435817328,1435817359,1
1435817334,1435817380,1
1435817350,1435817328,1
1435817359,1435817328,1
1435817376,1235112791,1
1435817376,6063377502,1
1435817380,1435817334,1
1446273091,5779103663,1
1447991730,5914568861,1
1454369336,20922347,1
1457235214,3638789667,1
1458183221,4354374069,3
1458716972,8599783973,1
1468014454,1468018617,1
1468018613,10265554815,1
1468018617,1468014454,1
1471781575,1471781579,1
1471781579,1471781575,1
1474903181,9926894112,1
1482105233,8923361920,1
1488281379,1968350970,1
1488281412,266497639,1
1488281416,1968350972,1
1496314332,4951106144,1
1505684178,1305669021,2
1505684178,2987398131,1
1524390884,10147018112,1
1524390886,10147063417,1
1524390887,1524398143,1
1524390889,1524390891,1
1524390891,1524390889,1
1524390892,1524390893,1
1524390893,1524390892,1
1524390893,5885742677,1
1524398120,1524398142,1
1524398142,1524398120,1
1524398143,1524390887,1
1524424891,1249999724,1
1524446213,1524446215,1
1524446215,1524446213,1
1525958055,1118902642,1
1527964323,1527964345,1
1527964345,1527964323,1
1531551678,7917107521,1
1555811767,1614362088,1
1570026168,10045060032,1
1573491337,282540896,1
1573965763,6352788954,1
1574030600,1615506402,1
1574030610,1615506397,1
1574030625,1574030677,1
1574030631,388241676,1
1574030661,1249999724,1
1574030665,1615506415,1
1574030677,1574030625,1
1574046608,1574046642,1
1574046608,1574046644,1
1574046642,290719275,2
1574046642,1574046608,1
1574046644,750562799,1
1574046644,1574046608,1
1574092449,250621643,1
1574092449,1574092460,1
1574092460,1574092449,1
1574092463,10839839397,1
1574098039,1574098041,1
1574098041,1574098039,1
1574141731,9385574764,1
1577444080,271440188,1
1578090126,9395180877,1
1578141441,528550393,1
1578229625,9846776499,1
1578282344,593869909,1
1578282380,1578282380,2
1578303574,294211787,2
1579375911,3085198349,1
1579375964,4620769368,1
1579405413,1579405457,1
1579405419,1579405497,1
1579405428,18088993,1
1579405431,1579405477,1
1579405457,1579405413,1
1579405477,1579405431,1
1579405495,3127283607,1
1579405497,1579405419,1
1579437285,318309843,1
1579437325,1579437327,1
1579437327,1579437325,1
1579531407,1802532397,1
1580168438,2943813059,1
1584176666,9032680694,1
1585513990,2611016719,1
1585526742,9504743528,1
1597538204,393811357,1
1597538210,477359021,1
1599626044,1287522420,1
1604867559,1679911204,3
1604868720,1604868725,1
1604868720,1604868726,1
1604868720,1679911233,2
1604868725,1604868720,1
1604868726,1604868720,1
1604868726,1900389685,1
1604869169,1679911200,1
1605049398,434950621,1
1605049399,434950621,1
1605054225,434950621,1
1607399522,598197056,1
1608092797,2765619849,1
1608092797,6796507758,1
1608092797,10833678375,1
1608092797,10833678377,1
1608112354,3638789663,1
1614292903,1647585431,1
1614321305,1614321312,1
1614321312,1614321305,1
1614362088,1555811767,1
1615506397,1574030610,1
1615506397,1615506403,1
1615506402,1574030600,1
1615506402,1615506403,1
1615506403,1615506397,1
1615506403,1615506402,1
1615506415,1574030665,1
1616668918,1802532189,1
1617144170,300934912,1
1617144189,300094236,1
1617144189,300094243,2
1617144189,300934919,1
1620270240,1251312670,1
1622854710,9924993841,1
1623822294,1623822296,1
1623822294,1623822302,1
1623822294,10102858336,1
1623822296,1623822294,1
1623822302,1623822294,1
1623906353,530788433,1
1623964487,5754863547,1
1625107338,303345525,1
1625107338,303345529,2
1625107338,750562799,1
1625107351,761504174,1
1626620927,9331980217,1
1628379741,6359420472,1
1629204950,4625116505,1
1629755717,6943455250,1
1631127483,1255213422,1
1632453764,1632453853,1
1632453793,1632453815,1
1632453795,1632453843,1
1632453815,1632453793,1
1632453843,1632453795,1
1632453853,1632453764,1
1637600152,10263580949,1
1637600158,1637600168,1
1637600168,1637600158,1
1637605766,1637605770,1
1637605770,1637605766,1
1637605789,1637605801,1
1637605801,1637605789,1
1647585431,1614292903,1
1652696656,422953464,1
1652696674,10121521894,1
1655806637,8188786463,1
1655806643,538264851,1
1656016339,20922362,1
1657479285,1657624841,1
1657479288,428915975,1
1657479288,1657624837,1
1657479288,9091138297,1
1657624837,1657479288,1
1657624837,1657624841,1
1657624837,4988130908,1
1657624840,1776959571,1
1657624841,1657479285,1
1657624841,1657624837,1
1657624841,9091138298,1
1659103289,4528134894,1
1660636314,9520334512,1
1670684654,1670684674,1
1670684674,1670684654,1
1678035930,3365417384,1
1679911200,1604869169,1
1679911204,1604867559,3
1679911233,1604868720,2
1680452999,1680453013,1
1680453013,1680452999,1
1680837639,1680837653,1
1680837640,1680837647,2
1680837647,1680837640,2
1680837653,1680837639,1
1682352469,1682352509,1
1682352482,1682352506,1
1682352489,1682352549,1
1682352492,1682352500,1
1682352496,1682352541,1
1682352497,1682352505,1
1682352500,1682352492,1
1682352505,1682352497,1
1682352506,1682352482,1
1682352509,1682352469,1
1682352541,1682352496,1
1682352549,1682352489,1
1682377080,2912471118,1
1696144134,1696144136,1
1696144134,1696144137,1
1696144136,1696144134,1
1696144137,1696144134,1
1704266819,1704266828,1
1704266821,1704266828,1
1704266828,1704266819,1
1704266828,1704266821,1
1704266828,1704266848,1
1704266848,1704266828,1
1705465932,118744,1
1718634468,3948130974,1
1732054284,1732054287,1
1732054287,1732054284,1
1736564261,1736564340,1
1736564340,1736564261,1
1740159271,1740159273,1
1740159273,1740159271,1
1740159294,1740159301,1
1740159301,1740159294,1
1740159315,1740159318,1
1740159318,1740159315,1
1744193938,1744193945,1
1744193945,1744193938,1
1744193952,298795722,1
1776959571,1657624840,1
1776959572,1776959577,1
1776959577,1042960674,1
1776959577,1776959572,1
1778829229,1778829230,1
1778829230,1778829229,1
1778829231,1778829232,1
1778829232,1778829231,1
1783563297,1316467061,1
1784421047,5764141027,1
1784421093,5764141030,1
1784499632,1784499636,1
1784499636,1784499632,1
1801254716,1801254723,1
1801254722,1801254723,1
1801254723,1801254716,1
1801254723,1801254722,1
1801254723,2505920896,1
1801617825,10621586585,1
1801617829,7290817841,1
1801667988,1116920301,1
1802532189,1616668918,1
1802532190,1802532191,1
1802532191,1802532190,1
1802532191,1802532202,1
1802532197,4670271594,1
1802532202,1802532191,1
1802532203,1802532219,1
1802532219,1802532203,1
1802532219,1802532221,1
1802532221,1802532219,1
1802532239,1802532244,1
1802532244,1802532239,1
1802532244,1802532269,1
1802532269,1802532244,1
1802532276,1802532279,1
1802532279,1802532276,1
1802532279,1802532286,1
1802532286,1802532279,1
1802532318,1802532323,1
1802532321,1802532325,1
1802532323,1802532318,1
1802532325,1802532321,1
1802532325,1802532326,1
1802532326,1802532325,1
1802532332,1802532333,1
1802532333,1802532332,1
1802532333,1802532334,1
1802532333,1802532353,1
1802532334,1802532333,1
1802532334,1802532341,1
1802532338,1802532343,1
1802532341,1802532334,1
1802532343,1802532338,1
1802532343,1802532350,1
1802532350,1802532343,1
1802532353,1802532333,1
1802532363,1802532367,1
1802532366,1802532368,1
1802532367,1802532363,1
1802532368,1802532366,1
1802532368,1802532369,1
1802532369,1802532368,1
1802532397,1579531407,1
1802645229,1802645239,1
1802645239,1802645229,1
1802808172,4624962058,1
1803790466,291748966,1
1803790466,291748994,1
1803821638,8505828177,1
1803874705,7570727616,1
1805784990,11038633550,1
1823323267,5397095869,1
1855678824,3730710123,1
1863560254,11034665353,1
1865279319,1146193390,1
1871856409,278619677,1
1874168771,8488795410,1
1900389685,1604868726,1
1964320685,2914060860,1
1964320691,1964320693,1
1964320693,1964320691,1
1968350970,1488281379,1
1968350972,1488281416,1
2021789797,26237010,1
2021836387,2021886937,1
2021886937,2021836387,1
2021886953,2035290806,1
2021894273,2021691367,1
2022036970,1247869998,1
2035290806,2021886953,1
2038058752,287910042,1
2042811820,26201555,1
2049631778,2049631800,1
2049631778,2050031384,1
2049631778,6570982828,1
2049631800,2049631778,1
2050031384,2049631778,1
2050031384,3491787208,1
2051881003,1419589855,1
2067337720,3379923762,1
2104860290,26201555,1
2120239980,9924993838,1
2137074832,5045404828,1
2141443274,2141443284,1
2141443284,2141443274,1
2160794818,2749169153,1
2160794866,2749169111,1
2160794868,2749169157,1
2160800505,2749169080,1
2160807145,2749169140,1
2182156269,3641701416,1
2190121056,2914093949,1
2190121062,2914093949,1
2201110430,2201110435,1
2201110435,2201110430,1
2205993214,2524227438,1
2205993214,8892858813,1
2211699865,2749169080,1
2211699865,2749169090,1
2226036755,6048839944,1
2237901290,9800309546,1
2248088346,2248088347,1
2248088347,2248088346,1
2251957732,2251957734,1
2251957734,2251957732,1
2253529695,586436646,1
2255813400,2824284164,1
2255813406,2931072630,1
2255813447,2380873316,2
2255813474,10563540172,1
2255813486,10563540159,1
2255827404,2380873318,1
2257829654,2257829676,1
2257829658,5065870648,1
2257829658,5065870713,1
2257829658,5066122141,1
2257829676,2257829654,1
2324008039,2324008059,1
2324008039,2324008071,1
2324008071,2324008039,1
2334460301,2364225913,1
2340692314,3341926689,1
2340692316,2340692315,1
2340692317,1620062297,1
2351920802,2931072630,1
2364225913,2334460301,1
2367908379,2367908383,1
2367908383,2367908379,1
2367908385,2367908387,1
2367908387,2367908385,1
2378383716,2378383726,1
2378383716,2378383728,1
2378383716,2378383731,1
2378383716,10832288908,1
2378383717,2378383733,1
2378383717,2953861030,1
2378383717,2953861031,1
2378383718,2378383725,1
2378383718,2378383733,1
2378383718,2382771341,2
2378383718,10832288911,1
2378383723,2378383731,1
2378383723,2953861834,1
2378383723,2953861835,1
2378383725,2378383718,1
2378383725,2953861032,1
2378383725,2953861833,1
2378383726,2378383716,1
2378383726,2378383729,1
2378383726,2378383733,1
2378383726,10832288909,1
2378383728,2378383716,1
2378383728,2953861028,1
2378383728,2953861029,1
2378383729,2378383726,1
2378383729,2953066007,1
2378383729,2953066008,1
2378383731,2378383716,1
2378383731,2378383723,1
2378383731,2378383736,1
2378383731,10832288907,1
2378383733,2378383717,1
2378383733,2378383718,1
2378383733,2378383726,1
2378383733,10832288910,1
2378383736,2378383731,1
2378383736,7600398062,1
2378383736,7729856004,1
2378383736,10832288906,1
2378546714,7217650,1
2380873315,2380873319,1
2380873316,2255813447,2
2380873316,2824284164,1
2380873316,2870211765,1
2380873318,2255827404,1
2380873318,2380873319,1
2380873318,2870211770,1
2380873319,2380873315,1
2380873319,2380873318,1
2380873319,8390857281,1
2382771341,2378383718,2
2388210359,2921258262,1
2390476095,2440536494,1
2398732086,725111,1
2402868685,2402868700,1
2402868700,2402868685,1
2402868722,2402868731,1
2402868731,2402868722,1
2405293237,298795793,1
2440332696,2440332700,1
2440332700,2440332696,1
2440332700,2440332710,1
2440332700,2440332718,1
2440332710,2440332700,1
2440332710,2440332718,1
2440332718,2440332700,1
2440332718,2440332710,1
2440536494,2390476095,1
2440536548,2440536589,1
2440536589,2440536548,1
2440544137,2440544138,1
2440544138,2440544137,1
2460384709,2460384710,1
2460384710,2460384709,1
2461499065,2461499066,1
2461499066,2461499065,1
2490874012,2933533699,1
2505920896,1801254723,1
2508055967,9716747044,1
2508122608,3441727080,1
2510361361,4903882042,1
2512504212,3635229217,1
2513054100,3635229217,1
2523495844,2912471784,1
2524227438,2205993214,1
2524246675,2524246679,1
2524246679,2524246675,1
2531886187,4233708567,1
2534762559,25284535,1
2539866912,2539866943,1
2539866943,2539866912,1
2583448421,2583448422,1
2583448422,2583448421,1
2596758493,2596758503,1
2596758493,10012303881,1
2596758503,2596758493,1
2611016712,2611016715,1
2611016715,2611016712,1
2611016715,2611016718,1
2611016718,2611016715,1
2611016719,1585513990,1
2631272248,2631272250,1
2631272250,2631272248,1
2631272250,4965953355,1
2631272250,4965953356,1
2631272263,4965953355,1
2632159303,2632159323,1
2632159323,2632159303,1
2632159325,2632159333,1
2632159333,2632159325,1
2647428577,9944631037,1
2659476593,3439446085,1
2659476595,3439446101,1
2682293910,2682293911,1
2682293911,2682293910,1
2682293913,2682293912,1
2682293914,2682293915,1
2689495815,24956264,1
2689497853,24956264,1
2689497854,24956264,1
2700993642,8420088800,1
2721583349,2721583357,1
2721583357,2721583349,1
2721583360,2721583368,1
2721583368,2721583360,1
2721583368,2726521215,1
2726514262,286401979,1
2726521215,2721583368,1
2737213861,2737213866,1
2737213866,2737213861,1
2737213867,2737213869,1
2737213869,1190873106,1
2749169080,2160800505,1
2749169080,2211699865,1
2749169080,2749169091,2
2749169090,2211699865,1
2749169091,2749169080,2
2749169095,2749169104,1
2749169099,2749169101,1
2749169101,2749169099,1
2749169104,2749169095,1
2749169107,2749169110,1
2749169110,2749169107,1
2749169111,2160794866,1
2749169117,2749169125,1
2749169121,2749169130,1
2749169125,2749169117,1
2749169130,2749169121,1
2749169132,2749504988,1
2749169133,2749504990,1
2749169136,2749504990,1
2749169137,2749504988,1
2749169138,2749169145,1
2749169140,2160807145,1
2749169145,2749169138,1
2749169146,2749562208,1
2749169151,2749562205,1
2749169153,2160794818,1
2749169157,2160794868,1
2749315215,2749315220,1
2749315220,2749315215,1
2749315223,2749562201,1
2749315226,2749315230,1
2749315230,2749315226,1
2749315235,2749562202,1
2749504988,2749169132,1
2749504988,2749169137,1
2749504988,2749504990,1
2749504990,2749169133,1
2749504990,2749169136,1
2749504990,2749504988,1
2749562201,2749315223,1
2749562202,2749315235,1
2749562205,2749169151,1
2749562208,2749169146,1
2765619849,1608092797,1
2765619898,6796507760,1
2824284164,2255813400,1
2824284164,2380873316,1
2824284164,2931072630,2
2870211765,2380873316,1
2870211765,2870211766,1
2870211765,2870211770,1
2870211766,2870211765,1
2870211767,2870211770,1
2870211770,2380873318,1
2870211770,2870211765,1
2870211770,2870211767,1
2910711808,8042128672,1
2912471118,1682377080,1
2912471784,2523495844,1
2912495370,10651284782,1
2914060860,1964320685,1
2914093948,2914093949,1
2914093949,2190121056,1
2914093949,2190121062,1
2914093949,2914093948,1
2918518726,2918518727,1
2918518727,2918518726,1
2920731842,2920731844,1
2920731842,2920731845,1
2920731844,2920731842,1
2920731845,2920731842,1
2921258262,2388210359,1
2930997119,2930997135,1
2930997125,2930997135,1
2930997132,2930997135,1
2930997135,2930997119,1
2930997135,2930997125,1
2930997135,2930997132,1
2931072629,2931072630,2
2931072630,2255813406,1
2931072630,2351920802,1
2931072630,2824284164,2
2931072630,2931072629,2
2931115240,4950749455,1
2933533699,2490874012,1
2933614546,4726329703,1
2933625545,2989282130,1
2939807209,5264712075,1
2939807210,5264712077,1
2943813059,1580168438,1
2953066007,2378383729,1
2953066008,2378383729,1
2953861028,2378383728,1
2953861029,2378383728,1
2953861030,2378383717,1
2953861031,2378383717,1
2953861032,2378383725,1
2953861833,2378383725,1
2953861834,2378383723,1
2953861835,2378383723,1
2953861836,3417201677,1
2953861837,3417201677,1
2953861838,3417201674,1
2953861839,3417201674,1
2953861840,3417201672,1
2953861841,3417201672,1
2953861842,3417201669,1
2953861843,3417201669,1
2964845255,2964845258,1
2964845258,2964845255,1
2964845258,2964845265,1
2964845265,2964845258,1
2987398131,1505684178,1
2989282130,2933625545,1
2994753925,2994753927,2
2994753927,2994753925,2
2998172676,4190022545,1
3013003687,3013003690,1
3013003690,3013003687,1
3013003708,3013003713,1
3013003713,3013003708,1
3017829951,454435082,1
3017829966,454435082,1
3017829976,454425114,1
3017829976,454438852,1
3017829987,454425114,1
3044375185,3930387040,1
3054475992,3556528127,1
3085198344,3085198345,1
3085198345,3085198344,1
3085198349,1579375911,1
3088872708,3088872711,1
3088872711,3088872708,1
3089139879,3089139922,1
3089139880,3089139923,1
3089139884,3089139924,1
3089139907,3089139927,1
3089139908,3089139928,1
3089139909,3089139926,1
3089139910,3089139919,1
3089139916,4714003139,1
3089139917,3089139919,1
3089139919,3089139910,1
3089139919,3089139917,1
3089139921,3089139924,2
3089139922,3089139879,1
3089139923,3089139880,1
3089139924,3089139884,1
3089139924,3089139921,2
3089139926,3089139909,1
3089139927,3089139907,1
3089139928,3089139908,1
3090349567,3090349568,1
3090349568,3090349567,1
3100567817,3100571355,1
3100571355,3100567817,1
3105222847,478634574,1
3105222848,3105222863,1
3105222863,3105222848,1
3105222864,3105222865,1
3105222865,3105222864,1
3105224665,478634690,1
3106249629,5703164369,1
3123633726,3123637851,2
3123637851,3123637831,2
3123637851,7848738167,1
3127283607,1579405495,1
3127841165,9905698251,1
3127841175,3127841178,1
3127841178,3127841175,1
3127841178,3127841180,1
3127841179,10280614089,1
3127841180,3127841178,1
3142820974,3142820976,1
3142820976,3142820974,1
3188612087,3188612089,1
3188612089,3188612087,1
3194196849,3194196851,1
3194196851,3194196849,1
3208182416,3208182417,1
3208182417,3208182416,1
3224267813,3224267814,1
3224267814,3224267813,1
3224267818,3224267819,1
3224267819,3224267818,1
3224274862,3224274863,1
3224274863,3224274862,1
3240114264,3240114265,1
3240114265,3240114264,1
3279874620,6048840410,1
3288523970,3288523974,1
3288523974,3288523970,1
3288877663,3288877671,1
3288877671,3288877663,1
3288877672,3288877679,1
3288877679,3288877672,1
3289070009,3289070011,1
3289070011,3289070009,1
3289070014,3289070015,1
3289070015,3289070014,1
3295567317,4795451911,1
3296230846,20930086,1
3305197395,8233786,1
3330007041,662159931,1
3338530931,3338571832,1
3338571832,3338530931,1
3341926689,2340692314,1
3346885487,6332099156,1
3348541743,3348541745,1
3348541745,3348541743,1
3355497695,3373325363,1
3355497696,3373325363,1
3355497697,3373325364,1
3355497698,3373325364,1
3355497699,3373325365,1
3355497700,3373325365,1
3365417384,1678035930,1
3373325363,3355497695,1
3373325363,3355497696,1
3373325364,3355497697,1
3373325364,3355497698,1
3373325365,3355497699,1
3373325365,3355497700,1
3378907818,3378907837,1
3378907822,3394151289,1
3378907837,3378907818,1
3379923762,2067337720,1
3391623294,9834619249,1
3391623315,9834619253,1
3391623821,9834619251,1
3392584318,26490177,1
3392584321,26490190,1
3394151289,3378907822,1
3396810988,3396810989,1
3396810989,3396810988,1
3399641134,10833678379,1
3401474062,3401474064,1
3401474064,3401474062,1
3402571305,10018790162,1
3410404943,3410404940,1
3416213701,3416213702,1
3416213702,3416213701,1
3417201667,3635229219,1
3417201669,2953861842,1
3417201669,2953861843,1
3417201669,3635229220,2
3417201672,2953861840,1
3417201672,2953861841,1
3417201672,3635229221,2
3417201674,2953861838,1
3417201674,2953861839,1
3417201674,3635229222,2
3417201677,2953861836,1
3417201677,2953861837,1
3417201677,3635229223,2
3439446082,3439446084,1
3439446083,3439446085,2
3439446084,3439446082,1
3439446085,2659476593,1
3439446085,3439446083,2
3439446085,3439446095,1
3439446088,3439446095,2
3439446095,3439446085,1
3439446095,3439446088,2
3439446095,3439446101,1
3439446101,2659476595,1
3439446101,3439446095,1
3439446101,3439446116,2
3439446116,3439446101,2
3441677542,3441727085,1
3441677543,3441727086,1
3441727078,3441727080,1
3441727079,3441727082,1
3441727080,2508122608,1
3441727080,3441727078,1
3441727080,3441727081,1
3441727080,3441727083,1
3441727081,3441727080,1
3441727082,3441727079,1
3441727083,3441727080,1
3441727085,3441677542,1
3441727086,3441677543,1
3452020159,257802926,1
3466388425,3466388430,1
3466388430,3466388425,1
3466388431,7508678338,1
3466388432,10651829395,1
3468170567,3468170568,1
3468170568,3468170567,1
3468170569,3468170570,1
3468170570,3468170569,1
3470622731,564829755,1
3471422240,3471422243,1
3471422243,3471422240,1
3474302169,3474302172,1
3474302172,3474302169,1
3491785136,3492771145,1
3491787208,2050031384,1
3492771145,3491785136,1
3492771146,6570982818,1
3496749420,1277939646,1
3496749436,1277939652,1
3496749436,1277939661,1
3496749436,3496749438,1
3496749438,1277939665,1
3496749438,3496749436,1
3496749438,3496749439,1
3496749439,1277939664,1
3496749439,3496749438,1
3496749439,6167979446,1
3498950781,4502499915,1
3529010436,9181261808,1
3529010440,9181261808,1
3529941813,3529941815,1
3529941815,3529941813,1
3530253647,3530253650,1
3530253650,3530253647,1
3535823219,3638789646,1
3556528127,3054475992,1
3578263651,3578263654,1
3578263654,3578263651,1
3587685746,3587685747,1
3587685747,3587685746,1
3587685748,3587685749,1
3587685749,3587685748,1
3587691498,3587691499,1
3587691499,3587691498,1
3587691512,3587691513,1
3587691513,3587691512,1
3587691514,3587691515,1
3587691515,3587691514,1
3587691521,3587691522,1
3587691522,3587691521,1
3594065866,10570665013,1
3605946802,3605946803,1
3605946803,3605946802,1
3624876859,3638789646,1
3624876859,3638789667,1
3625328671,3625328672,1
3625328672,3625328671,1
3625328681,3625328682,1
3625328682,3625328681,1
3627937193,3627937203,1
3627937197,9878392140,1
3627937198,3627937199,1
3627937199,3627937198,1
3627937203,3627937193,1
3629264598,5309316096,1
3630841999,3630841995,1
3632497357,3632497359,1
3632497357,3632497360,1
3632497357,5520862933,1
3632497359,3632497357,1
3632497360,3632497357,1
3632717593,5715936964,1
3634600842,10739167804,1
3635229216,3635229219,1
3635229216,3635229228,1
3635229216,7600398063,1
3635229216,10832230279,1
3635229217,2512504212,1
3635229217,2513054100,1
3635229217,3635229226,1
3635229218,3635229220,1
3635229218,3635229221,1
3635229218,3635266134,1
3635229219,3417201667,1
3635229219,3635229216,1
3635229219,3635229220,1
3635229219,10832230277,1
3635229220,3417201669,2
3635229220,3635229218,1
3635229220,3635229219,1
3635229220,10832230266,1
3635229221,3417201672,2
3635229221,3635229218,1
3635229221,3635229222,1
3635229221,10832230265,1
3635229222,3417201674,2
3635229222,3635229221,1
3635229222,3635229223,1
3635229222,10832230264,1
3635229223,3417201677,2
3635229223,3635229222,1
3635229223,3635229224,1
3635229223,10832230263,1
3635229224,3635229223,1
3635229224,3635266133,1
3635229224,10832230260,1
3635229226,3635229217,1
3635229226,3635266134,1
3635229226,3635266135,1
3635229226,10832230281,1
3635229228,287346374,1
3635229228,3635229216,1
3635229228,3635266135,1
3635266133,3635229224,1
3635266133,3635266134,1
3635266133,10832230284,1
3635266134,3635229218,1
3635266134,3635229226,1
3635266134,3635266133,1
3635266134,3635266135,1
3635266135,3635229226,1
3635266135,3635229228,1
3635266135,3635266134,1
3636998462,3636998469,2
3636998469,3636998462,2
3638789299,3638789302,1
3638789302,3638789299,1
3638789646,3535823219,1
3638789646,3624876859,1
3638789663,1608112354,1
3638789667,1457235214,1
3638789667,3624876859,1
3641701398,3641701402,1
3641701402,3641701398,1
3641701416,2182156269,1
3646998398,7373450461,1
3730710123,1855678824,1
3730710136,9961325672,1
3732183396,9645583859,1
3739034065,3739034066,1
3739034066,3739034065,1
3739034066,3739034067,1
3739034067,3739034066,1
3744567750,3744567751,1
3744567751,3744567750,1
3744812737,3744812738,1
3744812738,3744812737,1
3744812738,3744812741,1
3744812738,9521493248,2
3744812741,3744812738,1
3746140069,3746140072,1
3761410738,3761410738,2
3761417548,3761417549,1
3761417549,3761417548,1
3761431626,7298852837,1
3761448791,3761448796,1
3761448797,3761448798,1
3771825673,3771825676,1
3771825676,3771825673,1
3771910721,7596712870,2
3775807539,4929000954,2
3779551364,4309857119,1
3790337788,3790337792,1
3790337792,3790337788,1
3792177544,8491538832,1
3822952749,3822955574,1
3822952751,3822955567,1
3822952752,3822955588,1
3822955557,3822955588,1
3822955563,3822955570,1
3822955564,3822955582,1
3822955565,3822955594,1
3822955567,3822952751,1
3822955568,3822955582,1
3822955570,3822955563,1
3822955574,3822952749,1
3822955582,3822955564,1
3822955582,3822955568,1
3822955588,3822952752,1
3822955588,3822955557,1
3822955594,3822955565,1
3832394900,1900389685,1
3832394900,9839949351,1
3835210709,6535947013,1
3835210709,6535947078,1
3858601949,9839949357,1
3858601956,9839949357,1
3858602369,9839949350,1
3858602373,9839949350,1
3858602376,9839949347,1
3858602381,9839949347,1
3858602389,9839949349,1
3858602392,9839949349,1
3910377297,24973072,1
3930387027,3930387032,1
3930387027,3930387040,1
3930387027,3930387042,1
3930387032,3930387027,1
3930387032,3930387033,1
3930387032,3930387044,1
3930387033,3930387032,1
3930387033,3930387049,2
3930387040,3044375185,1
3930387040,3930387027,1
3930387040,3930387042,1
3930387042,3930387027,1
3930387042,3930387040,1
3930387042,3930387044,1
3930387044,3930387032,1
3930387044,3930387042,1
3930387044,3930387049,1
3930387049,3930387033,2
3930387049,3930387044,1
3938259542,3938259543,1
3938259543,3938259542,1
3948130152,3948130155,1
3948130154,3948130156,1
3948130155,3948130152,1
3948130156,3948130154,1
3948130156,3948130966,1
3948130966,3948130156,1
3948130974,1718634468,1
3964324619,7099886994,1
3997224542,8599247876,1
3997224624,8599247876,1
3998863464,8990288645,1
4012217398,4012217399,1
4012217399,4012217398,1
4012217422,4012217431,1
4012217431,4012217422,1
4012217443,4012217444,1
4012217444,4012217443,1
4012217842,4012217852,1
4012217852,4012217842,1
4012217852,4012217858,1
4012217858,4012217852,1
4014446205,4014446227,1
4014446227,4014446205,1
4014446401,4014446434,1
4014446434,4014446401,1
4075007227,4075007228,1
4075007228,4075007227,1
4103908999,10149277108,1
4103909010,4103909014,1
4103909014,4103909010,1
4103909017,10149292218,1
4183249325,4183249332,1
4183249332,4183249325,1
4183249341,4183249348,1
4183249348,4183249341,1
4183249355,4183249360,1
4183249360,4183249355,1
4183267544,4183345197,1
4183345197,4183267544,1
4190022545,2998172676,1
4199695832,10864269587,1
4199695860,4199695863,1
4199695863,4200080297,1
4199695896,9793905355,1
4200080188,4200080297,1
4200080293,4200080301,1
4200080297,4199695863,1
4200080297,4200080188,1
4200080301,4200080293,1
4209879604,6606543849,1
4218000679,9821927098,1
4218000684,735113193,1
4218000684,9821927094,1
4225294592,5887571936,1
4233708567,2531886187,1
4242967124,4242967127,1
4242967124,4242967128,1
4242967124,4242967132,1
4242967127,4242967124,1
4242967128,4242967124,1
4242967128,4242967131,1
4242967128,4298804582,2
4242967131,4242967128,1
4242967132,4242967124,1
4242967132,4242967135,1
4242967132,4242967136,1
4242967135,4242967132,1
4242967136,4242967132,1
4242967136,4242967139,1
4242967136,4242967140,1
4242967139,4242967136,1
4242967140,4242967136,1
4242967140,4242967143,1
4242967140,4242967144,1
4242967143,4242967140,1
4242967144,1056744912,1
4242967144,4242967140,1
4242967144,4242967147,1
4242967147,4242967144,1
4243241597,4243535493,1
4243535487,4243535488,1
4243535487,4298804583,1
4243535487,4298806018,1
4243535488,4243535487,1
4243535488,4243535489,1
4243535488,4298806019,1
4243535489,4243535488,1
4243535489,4243535490,1
4243535489,4298806020,1
4243535490,4243535489,1
4243535490,4243535491,1
4243535490,4298806021,1
4243535491,4243535490,1
4243535491,4243535492,1
4243535491,4298806022,1
4243535492,4243535491,1
4243535492,4243535493,1
4243535492,4298806023,1
4243535493,4243241597,1
4243535493,4243535492,1
4243535493,4298806024,1
4257078040,4257078043,1
4257078043,4257078040,1
4298804582,4242967128,2
4298804583,4243535487,1
4298806018,4243535487,1
4298806019,4243535488,1
4298806020,4243535489,1
4298806021,4243535490,1
4298806022,4243535491,1
4298806023,4243535492,1
4298806024,4243535493,1
4305444891,4967805640,1
4306456865,4307713879,1
4306456867,8561125125,1
4307365116,4638414510,1
4307713879,4306456865,1
4307713881,4307713883,1
4307713883,4307713881,1
4309857119,4305444786,1
4309857119,4967805640,1
4351209569,7099886999,1
4354374054,4354374069,1
4354374064,4354374054,1
4354374069,1458183221,3
4354374069,4354374054,1
4370956129,4453523722,1
4370984768,4370984769,1
4370984769,4370984768,1
4393205503,10836844753,1
4404849070,4404849072,1
4404849071,4404849077,1
4404849071,4404849083,1
4404849071,9803884419,1
4404849072,4404849070,1
4404849072,4404849077,2
4404849077,4404849071,1
4404849077,4404849072,2
4404849080,4404849081,1
4404849080,4404849085,1
4404849080,9803884420,1
4404849081,4404849080,1
4404849082,4404849083,1
4404849083,4404849082,1
4404849083,4404849085,1
4404849085,4404849080,1
4404849085,4404849083,1
4404849085,4404849086,1
4404849086,4404849085,1
4405966698,5644060471,1
4413843338,9873303808,1
4453523722,4370956129,1
4468826572,4468826577,1
4468826573,4468826577,1
4468826577,4468826572,1
4468826577,4468826573,1
4484056197,4484056202,1
4484056202,4484056197,1
4485796696,4485796697,1
4485796697,4485796696,1
4494556199,4494556203,1
4494556203,4494556199,1
4502272958,9948078910,1
4502272958,9948078911,2
4502272966,4502272969,1
4502272969,4502272966,1
4502499187,10014250820,1
4502499900,4502499908,1
4502499905,4502499908,1
4502499908,4502499900,1
4502499908,4502499905,1
4502499915,3498950781,1
4502542236,9971128052,1
4502542237,4502542240,1
4502542240,4502542237,1
4502542241,4502542244,1
4502542244,4502542241,1
4504190903,4504190907,1
4504190907,4504190903,1
4504215769,4504215774,1
4504215774,4504215769,1
4513737681,6685620876,1
4514061523,4514061526,1
4514061526,4514061523,1
4527950108,1029964923,1
4528134894,1659103289,1
4535434945,10939743596,1
4551111285,8438731115,1
4553099163,9954881861,4
4572131813,4572131815,1
4572131815,4572131813,1
4596484903,4596484906,1
4596484906,4596484903,1
4600012922,5842178241,1
4600486604,4618085609,1
4600520185,4618085600,1
4600521090,4606114026,1
4601060469,4603075337,1
4601062089,4603075351,1
4602181841,4606114051,1
4603075337,4601060469,1
4603075351,4601062089,1
4606114026,4600521090,1
4606114051,4602181841,1
4608009842,4608009844,1
4608009844,4608009842,1
4613248162,4613248165,1
4613248165,4613248162,1
4613839740,4613839754,1
4613839754,4613839740,1
4615985495,4615985515,1
4615985515,4615985495,1
4616082998,5859616206,1
4617953782,4618548277,1
4617953782,7245841040,1
4618085600,4600520185,1
4618085609,4600486604,1
4618548277,4617953782,1
4620769368,1579375964,1
4624962058,1802808172,1
4625116505,1629204950,1
4626190493,6044849881,1
4626190493,9580414065,1
4637495416,1236258992,1
4637495429,1236259018,1
4638414507,4638414509,1
4638414509,4638414507,1
4638414510,4307365116,1
4641802360,8963073006,1
4646072528,727392864,1
4652106947,4652106965,1
4652106965,4652106947,1
4666932066,1236587502,1
4670271594,1802532197,1
4679112803,10649898804,1
4679112814,7773050,1
4693958426,4693958429,1
4693958429,4693958426,1
4702871954,4718246367,1
4702872041,4728340265,1
4702872191,4718246365,1
4708295049,5477029924,1
4714003139,3089139916,1
4717073280,4717073290,1
4717073290,4717073280,1
4718246365,4702872191,1
4718246367,4702871954,1
4725812211,4725812249,1
4725812249,4725812211,1
4726329564,4726329566,1
4726329566,4726329564,1
4726329703,2933614546,1
4728340265,4702872041,1
4729808445,8826075434,1
4732883899,7487092,1
4789449573,4789449574,1
4789449574,4789449573,1
4795451911,3295567317,1
4815487352,9006888179,1
4894132945,8687389698,1
4894132947,5639071431,1
4903882041,1042960676,1
4924695568,277634354,1
4924695591,588481080,1
4928761331,9922478812,1
4928761335,9922478810,1
4929000954,3775807539,2
4934556059,8687399133,1
4937608748,9972104470,1
4945414579,257790076,1
4945875322,4945875325,1
4945875325,4945875322,1
4950749455,2931115240,1
4950834284,4950834290,1
4950834284,5504104723,1
4950834284,5504104726,1
4950834290,4950834284,1
4951106141,4951106144,1
4951106142,4951106144,1
4951106144,1496314332,1
4951106144,4951106141,1
4951106144,4951106142,1
4951106144,5001051541,1
4952355015,5851405862,1
4952355228,5851405861,1
4965953355,2631272250,1
4965953355,2631272263,1
4965953355,4965953361,1
4965953356,2631272250,1
4965953356,4965953361,1
4965953361,4965953355,1
4965953361,4965953356,1
4967805640,4305444782,1
4973315567,9776026711,1
4973363468,4973363469,1
4973363468,9825791195,1
4973363469,4973363468,1
4973363469,9825791194,2
4974537385,4974537388,1
4974537385,9803884424,1
4974537388,4974537385,1
4974537388,9091138298,1
4980714607,4980714609,1
4980714607,4980714615,1
4980714607,8188786463,1
4980714609,4980714607,1
4980714609,4980714613,2
4980714609,4988130908,1
4980714610,10939349,1
4980714610,315018174,1
4980714610,4980714612,1
4980714612,4980714610,1
4980714612,4980714613,2
4980714612,4980714615,1
4980714612,10829900603,1
4980714613,315018172,2
4980714613,4980714609,2
4980714613,4980714612,2
4980714615,538264851,1
4980714615,4980714607,1
4980714615,4980714612,1
4980714615,10829900602,1
4980714618,538264851,1
4988130908,1657624837,1
4988130908,4980714609,1
5001051541,4951106144,1
5001051617,6065757765,1
5009898447,5009898448,1
5009898448,5009898447,1
5020753576,5020753577,1
5020753577,5020753576,1
5027270163,5027270167,1
5027270167,5027270163,1
5029391890,5029391891,1
5029391891,5029391890,1
5030956389,5431064380,1
5045404828,2137074832,1
5065870648,2257829658,1
5065870713,2257829658,1
5066122141,2257829658,1
5073252277,5073252279,1
5073252277,5073252324,1
5073252279,5073252277,1
5073252324,5073252277,1
5075688822,10763078986,1
5109757361,9947099963,1
5155532742,5155532747,1
5155532747,5155532742,1
5200116751,564838228,1
5221432149,8982510235,1
5242430400,5242430406,1
5242430406,5242430400,1
5247001104,5247001106,1
5256150325,5256150328,1
5256150328,5256150325,1
5260647048,5899327020,1
5260647056,5899327018,1
5260647065,5899327022,1
5260647077,5899327026,1
5260647096,5899327029,1
5260647101,5899327024,1
5264712075,2939807209,1
5264712077,2939807210,1
5273662230,5273662231,1
5273662231,5273662230,1
5274881495,5274881496,1
5274881496,5274881495,1
5275133240,5282576992,1
5275133241,5282568323,1
5275133248,5282649695,1
5275133255,5282558844,1
5275133259,5282558847,1
5275133260,5282558852,1
5282558844,5275133255,1
5282558844,5282558853,1
5282558845,12727440,1
5282558846,5282558847,1
5282558847,5275133259,1
5282558847,5282558846,1
5282558852,5275133260,1
5282558853,5282558844,1
5282565523,5282565525,1
5282565523,5282565528,1
5282565524,12727448,1
5282565525,5282565523,1
5282565528,5282565523,1
5282568323,5275133241,1
5282576992,5275133240,1
5282649695,5275133248,1
5282649699,5282649700,1
5282649700,5282649699,1
5284835296,5284835307,4
5284835307,5284835296,4
5297278616,5297278619,1
5297278619,5297278616,1
5297516286,10846848868,1
5297516288,10846848857,1
5298319250,5298319259,1
5298319252,10141226859,1
5298319259,5298319250,1
5299631425,5299631429,1
5299631429,5299631425,1
5303060133,6427211108,1
5303113347,5639071431,1
5308323040,9328058951,1
5308369775,5308369776,1
5308369776,5308369775,1
5308391495,291748961,2
5308391495,291748966,1
5309316096,3629264598,1
5320787976,5320787979,1
5320787979,5320787976,1
5320812212,6817551023,1
5323396410,10864798752,1
5331144327,5331144326,1
5331144329,5331144328,1
5333603264,9949466832,1
5340621806,8464556868,1
5346552168,249633141,1
5347212857,6038736694,1
5361799263,5361799273,1
5361799273,5361799263,1
5397095869,1823323267,1
5411125460,6387791148,1
5431064380,5030956389,1
5451372895,8088634,2
5464809164,5464809168,1
5464809168,5464809164,1
5464809173,10131037271,1
5471286575,5471286576,1
5471286576,5471286575,1
5473361278,7099887003,1
5477029924,4708295049,1
5479185369,6805490189,1
5480460160,5121447999,1
5480460161,5121448002,1
5480460172,5594311519,1
5487376291,9883869863,1
5487431874,7211080,1
5503416928,7447554365,1
5504104523,5504104524,1
5504104524,5504104523,1
5504104611,1038414672,2
5504104710,5504104723,1
5504104722,5504104723,1
5504104723,4950834284,1
5504104723,5504104710,1
5504104723,5504104722,1
5504104726,4950834284,1
5504104726,6352788972,1
5506114139,5506856582,1
5506856582,5506114139,1
5513540295,5513540303,1
5513540303,5513540295,1
5513541948,6477350844,1
5520862924,5520862933,1
5520862931,5520862933,1
5520862933,3632497357,1
5520862933,5520862924,1
5520862933,5520862931,1
5520862933,5672472886,1
5535928325,5535928326,1
5535928326,5535928325,1
5535928328,5535928329,1
5535928329,5535928328,1
5546553247,5563081050,1
5561730095,5561730096,1
5561730096,5561730095,1
5561730097,5561730099,1
5561730099,5561730097,1
5561730100,5561730102,1
5561730102,5561730100,1
5561730103,5561730104,1
5561730104,5561730103,1
5563081050,5546553247,1
5586606656,9283040410,1
5591554754,9645569864,1
5594311519,5480460172,1
5594311520,5594311524,1
5594311524,5594311520,1
5601380655,10130035118,1
5623027306,8491601658,1
5639071431,4894132947,1
5639071431,5303113347,1
5639071431,8687389698,1
5644060471,4405966698,1
5672472886,5520862933,1
5680196413,5680196414,1
5680196413,5680196626,2
5680196413,5680196630,2
5680196414,5680196413,1
5680196414,5680196415,1
5680196414,5680196633,1
5680196415,595293330,2
5680196415,5680196414,1
5680196415,5680196633,1
5680196415,5680196643,2
5680196625,5680196630,2
5680196626,5680196413,2
5680196630,5680196413,2
5680196630,5680196625,2
5680196633,5680196414,1
5680196633,5680196415,1
5680196633,5680196642,2
5680196642,5680196633,2
5680196643,5680196415,2
5680196749,593869909,1
5680196749,5680196750,1
5680196749,5680196773,2
5680196750,5680196749,1
5680196750,5680196770,2
5680196750,10229248949,1
5680196758,5680196773,3
5680196758,5680196775,2
5680196761,593869908,2
5680196761,5680196770,3
5680196770,5680196750,2
5680196770,5680196761,3
5680196773,5680196749,2
5680196773,5680196758,3
5680196775,5680196758,2
5688563738,10635018310,1
5699199832,10240929913,1
5699199833,10240929930,1
5699199836,10607983993,1
5699199839,9833616156,1
5699199860,9834698424,1
5703164347,5703164369,1
5703164369,3106249629,1
5703164369,5703164347,1
5703164369,5703164371,1
5703164369,5703164728,1
5703164371,5703164369,1
5703164728,5703164369,1
5711868499,5711868503,1
5711868503,5711868499,1
5715936949,5715936964,1
5715936964,3632717593,1
5715936964,5715936949,1
5715936964,8547000127,1
5715936964,10279165382,1
5724557356,9645569864,1
5725202526,5867513338,1
5728160863,5728160866,1
5728160863,5890591653,1
5728160866,5728160863,1
5728160869,5728171069,1
5728171069,5728160869,1
5754863538,5754863545,1
5754863538,10684413456,1
5754863545,5754863538,1
5754863547,1623964487,1
5764141027,1784421047,1
5764141030,1784421093,1
5768753813,8086386535,1
5768753824,5768753826,1
5768753826,5768753824,1
5779085196,257790016,1
5779085196,5779103660,1
5779085196,5779103694,1
5779103660,5779085196,1
5779103660,9067586313,1
5779103663,1446273091,1
5779103663,5779103664,1
5779103664,5779103663,1
5779103664,5779103689,1
5779103664,5779115288,1
5779103689,5779103664,1
5779103694,5779085196,1
5779115288,8089406,1
5779115288,527857430,1
5779115288,5779103664,1
5798220223,6270574437,1
5807881056,1250127800,1
5807881056,1250127866,1
5837954917,5837954953,1
5837954926,5837954931,1
5837954931,5837954926,1
5837954953,5837954917,1
5842178240,5842178241,1
5842178241,4600012922,1
5842178241,5842178240,1
5845728623,5933965388,1
5846160641,5846160642,1
5846160642,5846160641,1
5851405861,4952355228,1
5851405862,4952355015,1
5856744462,9645569864,1
5859616206,4616082998,1
5860426360,5860426361,1
5860426361,5860426360,1
5860426366,5965762519,1
5860426366,10156555261,1
5860426366,10156555262,1
5863680836,5863680838,1
5863680838,5863680836,1
5867360603,5867360609,1
5867360609,5867360603,1
5867513334,5867513339,1
5867513337,5867513341,1
5867513338,5725202526,1
5867513339,5867513334,1
5867513341,5867513337,1
5867513342,10147234981,1
5867515321,5867515322,1
5867515321,5867515323,1
5867515322,5867515321,1
5867515323,5867515321,1
5867515324,5867515348,1
5867515325,5867515349,1
5867515326,5867515350,1
5867515331,5867515339,1
5867515332,5867515340,1
5867515334,5867515347,1
5867515336,5867515337,1
5867515336,5867515338,1
5867515337,5867515336,1
5867515338,5867515336,1
5867515339,5867515331,1
5867515340,5867515332,1
5867515342,5867515343,1
5867515343,5867515342,1
5867515344,10156555280,1
5867515347,5867515334,1
5867515348,5867515324,1
5867515349,5867515325,1
5867515350,5867515326,1
5885722758,1247869998,1
5885742677,1524390893,1
5885742679,10149295575,1
5885742680,5885743094,1
5885742682,10149295567,1
5885743088,5885743089,1
5885743089,5885743088,1
5885743090,5885743091,1
5885743091,5885743090,1
5885743094,5885742680,1
5885743095,5885743096,1
5885743096,5885743095,1
5885743097,5885743098,1
5885743098,5885743097,1
5885743099,5885743100,1
5885743100,5885743099,1
5885743101,5885743102,1
5885743102,5885743101,1
5887571936,4225294592,1
5887604896,5887604936,1
5887604903,5887604977,1
5887604906,5887604935,1
5887604913,5887604947,1
5887604916,5887604953,1
5887604918,5887604948,1
5887604920,5887604949,1
5887604924,5887604938,1
5887604928,5887604937,1
5887604935,5887604906,1
5887604936,5887604896,1
5887604937,5887604928,1
5887604938,5887604924,1
5887604944,5887604945,1
5887604945,5887604944,1
5887604947,5887604913,1
5887604948,5887604918,1
5887604949,5887604920,1
5887604951,5887605387,1
5887604953,5887604916,1
5887604953,5887604954,1
5887604953,5887604977,1
5887604953,10700027530,1
5887604954,5887604953,1
5887604977,5887604903,1
5887604977,5887604953,1
5887604977,8982473693,1
5887604977,9502932503,1
5887604984,5887605387,1
5887605387,5887604951,1
5887605387,5887604984,1
5890591652,5890591653,1
5890591653,5728160863,1
5890591653,5890591652,1
5890591653,5890591655,1
5890591655,5890591653,1
5890602178,10149272674,1
5890602179,8491477275,1
5890602180,10149272667,1
5899327018,5260647056,1
5899327020,5260647048,1
5899327022,5260647065,1
5899327024,5260647101,1
5899327026,5260647077,1
5899327029,5260647096,1
5899422309,5899422312,1
5899422312,5899422309,1
5899422316,5899422319,1
5899422319,5899422316,1
5899422324,5899422328,1
5899422328,5899422324,1
5909467713,5930743385,1
5914568854,5914568855,1
5914568855,5914568854,1
5914568856,5914568857,1
5914568857,5914568856,1
5914568858,5914568859,1
5914568859,5914568858,1
5914568861,1447991730,1
5917997623,8923658906,1
5917997624,8923658821,1
5923212553,257790024,1
5930743385,5909467713,1
5933965388,5845728623,1
5934423306,5934423312,1
5934423310,5934454349,1
5934423312,5934423306,1
5934454349,5934423310,1
5942407035,287560137,1
5965762519,5860426366,1
5977759102,8337224287,1
5977759119,5977759437,1
5977759120,5977759436,1
5977759121,5977759435,1
5977759122,5977759434,1
5977759123,5977759433,1
5977759124,5977759432,1
5977759125,5977759431,1
5977759126,5977759430,1
5977759126,5977759455,1
5977759127,5977759128,1
5977759128,5977759127,1
5977759136,5977759454,1
5977759137,5977759428,1
5977759138,5977759448,1
5977759161,5977759424,1
5977759387,5977854572,1
5977759402,5977759438,1
5977759413,5977759414,1
5977759414,5977759413,1
5977759415,5977759416,1
5977759416,5977759415,1
5977759424,5977759161,1
5977759427,5977759428,1
5977759428,5977759137,1
5977759428,5977759427,1
5977759428,5977854568,1
5977759429,10130035119,1
5977759430,5977759126,1
5977759431,5977759125,1
5977759432,5977759124,1
5977759433,5977759123,1
5977759434,5977759122,1
5977759435,5977759121,1
5977759436,5977759120,1
5977759437,5977759119,1
5977759438,5977759402,1
5977759439,5977854571,1
5977759445,5977854566,1
5977759446,8337224287,1
5977759447,5977854569,1
5977759448,5977759138,1
5977759451,5977854567,1
5977759454,5977759136,1
5977759455,5977759126,1
5977854566,5977759445,1
5977854567,5977759451,1
5977854568,5977759428,1
5977854569,5977759447,1
5977854571,5977759439,1
5977854572,5977759387,1
5985496093,7905067316,1
5999985006,298630884,1
6038736694,5347212857,1
6044849881,4626190493,1
6045824954,6045824955,1
6045824955,6045824954,1
6045824956,6045824957,1
6045824957,6045824956,1
6045824958,6045824959,1
6045824959,6045824958,1
6045824961,6045824962,1
6045824962,6045824961,1
6045824963,6045824964,1
6045824964,6045824963,1
6045824965,6045824966,1
6045824966,6045824965,1
6045824967,6045824969,1
6045824969,6045824967,1
6045824969,10146823633,1
6045824972,9645573065,1
6045824975,6045824977,1
6045824975,10146823637,1
6045824977,6045824975,1
6045824978,6045824979,1
6045824978,10146823629,1
6045824979,6045824978,1
6045824980,6045824981,1
6045824981,6045824980,1
6045824982,6045824983,1
6045824983,6045824982,1
6045824984,6045828885,1
6045828885,6045824984,1
6048839172,6048839944,1
6048839178,6048839696,1
6048839178,6048839934,1
6048839685,6048839686,1
6048839685,6048839687,1
6048839686,6048839685,1
6048839686,6050668472,2
6048839686,9800185793,1
6048839687,6048839693,1
6048839687,6048839695,1
6048839693,6048839686,1
6048839693,6048839750,1
6048839693,6050687051,2
6048839696,6048839178,1
6048839696,6048839693,1
6048839740,6050687051,2
6048839750,6048839693,1
6048839934,6048839178,1
6048839934,6048839935,1
6048839934,6048839936,1
6048839935,6048839934,1
6048839936,6048839934,1
6048839939,6048840265,1
6048839939,6050687051,1
6048839944,2226036755,1
6048839944,6048839172,1
6048839944,6048884455,1
6048840265,6048839939,1
6048840265,6048840265,2
6048840410,3279874620,1
6048840410,9950154962,1
6048884455,6048839944,1
6050668472,6048839686,2
6050668472,6050668472,4
6050687051,6048839693,2
6050687051,6048839740,2
6050687051,6048839939,1
6063377502,1435817376,1
6063377502,8655011795,1
6065757763,8923658738,1
6065757765,5001051617,1
6127022490,6127022491,1
6127022491,6127022490,1
6127027839,6127027843,1
6127027843,6127027839,1
6131542152,6131542155,1
6131542155,6131542152,1
6167110421,10074556269,1
6167117602,1316467057,1
6167117677,6167117680,1
6167117680,6167117677,1
6167979436,6167979437,1
6167979437,1277939649,1
6167979437,6167979436,1
6167979437,6167979438,1
6167979438,6167979437,1
6167979439,6167979440,1
6167979440,6167979437,1
6167979440,6167979439,1
6167979440,6167979441,1
6167979441,6167979440,1
6167979442,1294343345,1
6167979442,6167979443,1
6167979443,6167979442,1
6167979444,1277939662,1
6167979445,6167979442,1
6167979445,6167979446,1
6167979446,3496749439,1
6167979446,6167979445,1
6167979446,6167979447,1
6167979447,1277939654,1
6167979447,1277939659,1
6167979447,1277939664,1
6167979447,6167979446,1
6201463040,6856686371,1
6203761986,9006256562,1
6218148261,6218148262,1
6218148261,6856656928,2
6218148262,6218148261,1
6218148262,6218148267,1
6218148262,6854227989,1
6218148267,6218148262,1
6218148267,6218148268,1
6218148267,6854227989,1
6218148268,6218148267,1
6218148268,6218148270,1
6218148268,6218150616,1
6218148270,6218148268,1
6218148270,6218148273,1
6218148270,6218150616,1
6218148273,6218148270,1
6218148273,6218148276,1
6218148273,6218150613,1
6218148276,6218148273,1
6218148276,6218148278,1
6218148276,6218150607,1
6218148278,6218148276,1
6218148278,6218148282,1
6218148278,6218150603,1
6218148282,6218148278,1
6218148282,6218150585,1
6218148282,6218150601,1
6218150585,6218148282,1
6218150585,6218150586,1
6218150585,6218150601,1
6218150586,6218150585,1
6218150586,6218150592,1
6218150586,6218150596,1
6218150592,6218150586,1
6218150592,6218150596,1
6218150592,6856686374,1
6218150596,6218150586,1
6218150596,6218150592,1
6218150596,6218150597,1
6218150597,6218150596,1
6218150597,6856686378,1
6218150597,9972229442,1
6218150601,6218148282,1
6218150601,6218150585,1
6218150601,6218150603,1
6218150603,6218148278,1
6218150603,6218150601,1
6218150603,9972229441,1
6218150607,6218148276,1
6218150607,6218150613,1
6218150607,9972229441,1
6218150613,6218148273,1
6218150613,6218150607,1
6218150613,6218150614,1
6218150614,6218150613,1
6218150614,6218150616,1
6218150614,6218150617,1
6218150616,6218148268,1
6218150616,6218148270,1
6218150616,6218150614,1
6218150617,6218150614,1
6218150617,6854227989,1
6218150617,9972229442,1
6239349408,8251188564,1
6270574437,5798220223,1
6284075938,9770172107,1
6332099156,3346885487,1
6352788954,1573965763,1
6352788972,5504104726,1
6359420351,7726312669,1
6359420351,8553130644,1
6359420351,10033485130,1
6359420352,8555330877,1
6359420380,9327898341,1
6359420472,1628379741,1
6387791148,5411125460,1
6407726379,288360640,1
6427211108,5303060133,1
6441682124,6441682128,1
6441682128,677318854,1
6441682128,6441682124,1
6441682128,6441682132,1
6441682132,6441682128,1
6465638892,5193854240,5
6477350844,5513541948,1
6496142656,6496142661,1
6496142661,6496142656,1
6525157221,257789994,1
6532882627,6532882681,1
6532882647,6532882652,1
6532882652,6532882647,1
6532882681,6532882627,1
6535947014,3835210709,1
6535947015,6545701363,1
6535947078,1106829493,1
6535947078,3835210709,1
6535947090,8548388927,1
6553722078,6553790188,1
6553790188,6553722078,1
6570982818,3492771146,1
6570982828,2049631778,1
6606543849,4209879604,1
6651812220,6651812221,1
6651812221,6651812220,1
6685620876,4513737681,1
6711627240,6711627244,1
6711627244,6711627240,1
6720655339,10184501639,1
6726104117,6726104126,1
6736742912,10931542880,1
6755532687,6755532688,1
6755532688,6755532687,1
6796507753,10651284782,1
6796507753,10833678370,1
6796507756,10651284780,1
6796507758,1608092797,1
6796507760,2765619898,1
6796507760,10589932722,1
6796507760,10651284780,1
6796507767,6796507777,1
6796507767,10651284780,1
6796507767,10651284782,1
6796507777,6796507767,1
6796507777,10833678375,1
6796507777,10833678377,1
6805490189,5479185369,1
6816090367,6816128822,1
6816128822,6816090367,1
6817551023,5320812212,1
6838577620,6838686813,1
6838577628,6838686809,1
6838577630,6838686809,1
6838686809,6838577628,1
6838686809,6838577630,1
6838686813,6838577620,1
6854227989,6218148262,1
6854227989,6218148267,1
6854227989,6218150617,1
6856656928,6218148261,2
6856656928,9645552440,1
6856686366,6856686375,1
6856686366,6856686378,1
6856686366,9645552440,1
6856686371,6201463040,1
6856686371,6856686374,1
6856686371,6856686375,1
6856686374,6218150592,1
6856686374,6856686371,1
6856686374,6856686378,1
6856686375,6856686366,1
6856686375,6856686371,1
6856686375,6856686378,1
6856686378,6218150597,1
6856686378,6856686366,1
6856686378,6856686374,1
6856686378,6856686375,1
6863780755,7244214,1
6923443792,6923443832,1
6923443831,6952355268,2
6923443832,6923443792,1
6943455250,1629755717,1
6943455277,257790024,1
6952355268,6923443831,2
7031742422,8712809215,2
7053193675,7053193677,1
7053193678,7053193679,1
7053194091,7053194093,1
7053194094,7053194096,1
7099886994,3964324619,1
7099886999,4351209569,1
7099887003,5473361278,1
7153382993,7153382995,1
7153382995,7153382993,1
7153394834,7153394837,1
7153394837,7153394834,1
7185011081,7185011082,1
7185011082,7185011081,1
7187568430,1419622835,1
7199832088,7199832090,1
7199832090,7199832088,1
7245841040,4617953782,1
7283554131,7283554134,1
7283554134,7283554131,1
7290817841,1801617829,1
7290817844,7290817847,1
7290817847,7290817844,1
7295000812,7295000815,1
7295000815,7295000812,1
7297265539,7297265542,1
7297265540,7297265543,1
7297265542,7297265539,1
7297265543,7297265540,1
7298852828,7298852829,1
7298852829,7298852828,1
7298852837,3761431626,1
7304328622,7304328623,1
7304328623,7304328622,1
7323135325,7323135329,1
7323135326,7323135330,1
7323135329,7323135325,1
7323135330,7323135326,1
7323741266,7323741267,1
7323741267,7323741266,1
7323741267,7323741273,3
7323741267,7323741274,1
7323741273,7323741267,3
7323741274,7323741267,1
7323741281,7323741284,1
7323741284,7323741281,1
7329860054,10233262238,1
7329860069,340549978,1
7329860069,7329860070,1
7329860070,7329860069,1
7369381131,7369381132,1
7369381131,7369381138,1
7369381131,7369381139,1
7369381132,7369381131,1
7369381132,7369381138,1
7369381134,7369381139,1
7369381138,7369381131,1
7369381138,7369381132,1
7369381138,7369381140,1
7369381139,7369381131,1
7369381139,7369381134,1
7369381139,7369381141,1
7369381140,7369381138,1
7369381141,7369381139,1
7373450461,3646998398,1
7375071306,7375071313,1
7375071313,7375071306,1
7424040138,7899100672,1
7424040138,7961816225,1
7434184315,7434184316,4
7434184316,7434184315,4
7434992308,31828135,1
7442159593,9922119782,1
7442159594,9947099969,2
7447554365,5503416928,1
7508678338,3466388431,1
7570727616,1803874705,1
7596712870,3771910721,2
7600398062,1059671135,1
7600398062,1059671260,1
7600398062,2378383736,1
7600398063,3635229216,1
7659490167,7659490172,1
7659490172,7659490167,1
7685171596,7685171598,1
7685171598,7685171596,1
7713153513,9770172105,1
7719015850,7899100673,1
7726312669,6359420351,1
7729856004,2378383736,1
7736501932,7736501935,1
7736501935,7736501932,1
7753614416,7753614419,1
7753614419,7753614416,1
7783310055,7783310056,1
7783310056,7783310055,1
7848738167,3123637851,1
7854846731,7854846734,1
7854846734,7854846731,1
7854846739,7854846742,1
7854846742,7854846739,1
7869890156,7869890159,1
7869890159,7869890156,1
7899100672,7424040138,1
7899100673,7719015850,1
7905067316,5985496093,1
7912651579,7912651580,1
7912651580,7912651579,1
7917107521,437116297,1
7917107521,1531551678,1
7919711315,619149351,1
7961816225,7424040138,1
7980756149,9883869850,1
7992498749,8319823891,1
8021351073,282710357,1
8042128672,2910711808,1
8086386535,5768753813,1
8109952230,8109952240,1
8109952240,8109952230,1
8132048132,8132048135,1
8132048135,8132048132,1
8188786463,4980714607,1
8209838271,8209838272,1
8209838272,8209838271,1
8222546471,8222638944,1
8222546479,8223819305,1
8222638943,8222638977,1
8222638944,8222546471,1
8222638975,8222638976,1
8222638975,8222638977,2
8222638976,8222638975,1
8222638976,8223077856,1
8222638977,8222638943,1
8222638977,8222638975,2
8222638983,8222638984,1
8222638984,8222638983,1
8222638984,8222638985,1
8222638984,8222738647,1
8222638985,8222638984,1
8222638985,8222638989,1
8222638985,8222738647,1
8222638989,8222638985,1
8222638991,8222638993,1
8222638993,8222638991,1
8222638993,8222638997,2
8222638997,8222638993,2
8222638997,8222638998,1
8222638998,8222638997,1
8222678893,8222678897,1
8222678897,8222678893,1
8222738647,8222638984,1
8222738647,8222638985,1
8222738647,8222888145,1
8222888145,8222738647,1
8223077822,8223077823,2
8223077823,8223077822,2
8223077856,8222638976,1
8223077856,8223077857,1
8223077857,8223077856,1
8223077865,8223819311,1
8223077868,8223077870,1
8223077870,8223077868,1
8223077952,10899900434,1
8223078024,8515529452,1
8223819305,8222546479,1
8223819305,8223819311,2
8223819311,8223077865,1
8223819311,8223819305,2
8223925647,8223925655,1
8223925655,8223925647,1
8251188564,6239349408,1
8300566274,8489747554,1
8319823891,7992498749,1
8337224287,5977759102,1
8337224287,5977759446,1
8390857281,2380873319,1
8394003846,8394003848,1
8394003848,8394003846,1
8395697274,8395697275,1
8395697275,8395697274,1
8395697283,8395697284,1
8395697284,8395697283,1
8402199161,1217365722,1
8420088800,2700993642,1
8438731099,8438731101,1
8438731101,8438731099,1
8438731115,4551111285,1
8447283459,17914817,1
8464556868,5340621806,1
8488330067,8488330091,1
8488330091,8488330067,1
8488795410,1874168771,1
8488839124,8488839126,1
8488839124,8488839132,1
8488839124,9006256562,1
8488839126,8488839124,1
8488839132,8488839124,1
8489747545,8489747549,1
8489747549,8489747545,1
8489747554,8300566274,1
8490863547,665667410,1
8491220696,1030052274,1
8491477275,5890602179,1
8491538832,3792177544,1
8491601658,5623027306,1
8493001065,297675647,1
8493001073,297675643,1
8493120142,8493120143,1
8493120143,8493120142,1
8493139242,20919917,1
8497532096,8497532099,1
8497532099,8497532096,1
8500169643,8500169649,1
8500169649,8500169643,1
8500285545,8500285546,1
8500285546,8500285545,1
8505828177,1803821638,1
8515529452,8223078024,1
8515529456,8515529458,1
8515529458,8515529456,1
8547000127,5715936964,1
8548388922,8548388927,1
8548388927,6535947090,1
8548388927,8548388922,1
8548388927,8548388928,1
8548388928,8548388927,1
8553130644,6359420351,1
8553130656,8553130657,1
8553130657,8553130656,1
8555330877,6359420352,1
8561121014,11039621259,1
8561125125,4306456867,1
8570954815,8571002828,1
8571002828,8570954815,1
8599247876,3997224542,1
8599247876,3997224624,1
8599783970,8599783973,1
8599783973,1458716972,1
8599783973,8599783970,1
8599783973,8599783976,1
8599783973,9949466832,1
8599783976,8599783973,1
8628938224,9645583013,1
8632259742,8632259744,1
8632259744,8632259742,1
8655011795,6063377502,1
8655907717,8655907718,1
8655907718,8655907717,1
8661878963,8661878964,1
8661878964,8661878963,1
8674286136,8674286137,1
8674286137,8674286136,1
8677607161,1227859811,1
8687389698,4894132945,1
8687389698,5639071431,1
8687389698,8687399134,1
8687399133,4934556059,1
8687399134,8687389698,1
8712809215,7031742422,2
8734401183,8734401190,1
8734401190,8734401183,1
8764411928,10239887019,1
8768143993,8768144000,1
8768143993,8768144002,2
8768143995,10043441846,1
8768143996,10043441846,1
8768144000,8768143993,1
8768144002,8768143993,2
8768144002,8768144004,2
8768144004,8768144002,2
8768144004,10043441846,1
8824690410,9709232034,1
8826075420,8826075422,1
8826075422,8826075420,1
8826075434,4729808445,1
8873215759,10012306431,1
8883235573,296377585,1
8892858813,2205993214,1
8892909292,8892909349,1
8892909349,8892909292,1
8893444781,11047105452,1
8899200189,8899200211,1
8899200211,8899200189,1
8911751507,8911866641,1
8911751510,8911866650,1
8911866621,8911866633,1
8911866622,8911866640,1
8911866633,8911866621,1
8911866633,8911866647,1
8911866633,8911866657,1
8911866640,8911866622,1
8911866647,8911866633,1
8911866650,8911751510,1
8911866650,8911866663,1
8911866657,8911866633,1
8911866663,8911866650,1
8923361920,1482105233,1
8923361921,8923361933,1
8923361933,8923361921,1
8923648009,8923658746,1
8923658738,6065757763,1
8923658746,8923648009,1
8923658756,8923658770,1
8923658762,8923658894,1
8923658770,8923658756,1
8923658821,5917997624,1
8923658829,9534454768,1
8923658894,8923658762,1
8923658906,5917997623,1
8949022921,8949022926,1
8949022926,8949022921,1
8950770482,8950770490,1
8950770490,8950770482,1
8960110457,10567973471,1
8963073006,4641802360,1
8963077222,298870641,1
8976525206,9415647410,1
8982473671,8982473677,1
8982473675,8982473689,1
8982473677,8982473671,1
8982473678,8982473692,1
8982473682,8982473683,1
8982473683,8982473682,1
8982473689,8982473675,1
8982473692,8982473678,1
8982473692,9502932504,1
8982473692,9747460736,1
8982473692,10700027530,1
8982473693,5887604977,1
8982473702,8982473704,1
8982473704,8982473702,1
8982473705,8982473707,1
8982473707,8982473705,1
8982473708,8982473709,1
8982473709,8982473708,1
8982473710,8982473711,1
8982473711,8982473710,1
8982473712,8982473714,1
8982473714,8982473712,1
8982510217,8982510219,1
8982510219,8982510217,1
8982510220,8982510221,1
8982510221,8982510220,1
8982510222,8982510223,1
8982510223,8982510222,1
8982510224,8982510225,1
8982510225,8982510224,1
8982510226,8982510227,1
8982510227,8982510226,1
8982510227,8982510233,1
8982510228,8982510229,1
8982510229,8982510228,1
8982510233,8982510227,1
8982510235,5221432149,1
8982510236,8982510238,1
8982510238,8982510236,1
8982510239,8982510241,1
8982510241,8982510239,1
8982510266,8982510282,1
8982510267,8982510281,1
8982510268,8982510279,1
8982510269,8982510278,1
8982510274,8982510275,1
8982510275,8982510274,1
8982510276,8982510298,1
8982510277,8982510302,1
8982510278,8982510269,1
8982510279,8982510268,1
8982510280,8982510296,1
8982510281,8982510267,1
8982510282,8982510266,1
8982510284,8982510285,1
8982510285,8982510284,1
8982510286,8982510293,1
8982510287,8982510288,1
8982510287,8982510290,1
8982510288,8982510287,1
8982510290,8982510287,1
8982510293,8982510286,1
8982510296,8982510280,1
8982510298,8982510276,1
8982510302,8982510277,1
8982510302,8982510304,1
8982510304,8982510302,1
8990288645,3998863464,1
8992695338,8992695339,1
8992695339,8992695338,1
8995088040,8995088053,1
8995088046,8995088047,1
8995088047,8995088046,1
8995088053,8995088040,1
8995217415,8995226522,1
8995226521,8995226522,1
8995226522,8995217415,1
8995226522,8995226521,1
8995226524,8995226536,1
8995226535,10879388066,1
8995226536,8995226524,1
8995226538,8995226539,1
8995226539,8995226538,1
8995226539,8995226560,1
8995226540,8995226541,1
8995226541,8995226540,1
8995226552,8995226561,1
8995226560,8995226539,1
8995226561,8995226552,1
8995865873,8995865876,1
8995865875,8995865876,1
8995865876,8995865873,1
8995865876,8995865875,1
8995865878,8995865884,1
8995865883,8995865884,1
8995865884,8995865878,1
8995865884,8995865883,1
8995891494,11059987957,1
8995918487,8995918488,1
8995918488,8995918487,1
8999256092,8999256096,1
8999256096,8999256092,1
9006256540,9006256561,1
9006256561,9006256540,1
9006256562,6203761986,1
9006256562,8488839124,1
9006256562,10161615756,1
9006888179,4815487352,1
9006888181,4815487352,1
9011066869,527857430,1
9032680694,1584176666,1
9032680694,9032680715,1
9032680694,9032715148,1
9032680701,9032680715,1
9032680701,9032715122,1
9032680701,9032715148,1
9032680715,9032680694,1
9032680715,9032680701,1
9032680715,9032715135,1
9032715122,9032680701,1
9032715122,9032715135,1
9032715135,9032680715,1
9032715135,9032715122,1
9032715148,9032680694,1
9032715148,9032680701,1
9044057644,9044057645,1
9044057645,9044057644,1
9067586313,5779103660,1
9073520580,9073520584,1
9073520584,9073520580,1
9090083193,9090083194,1
9090083194,6535947078,1
9090083194,9090083193,1
9090083195,9090083194,1
9091138297,421416380,1
9091138297,1657479288,1
9091138297,9091138298,1
9091138298,420079485,1
9091138298,1657624841,1
9091138298,4974537388,1
9091138298,9091138297,1
9091138308,9091138309,1
9091138309,9091138308,1
9095774206,9095774208,1
9095774208,9095774206,1
9135388489,9135388492,1
9135388492,9135388489,1
9155675511,9155675514,2
9155675514,9155675511,2
9156241447,9362578000,1
9156241492,9156241496,1
9156241496,9156241492,1
9178256131,9178256148,1
9178256132,9178256138,1
9178256138,9178256132,1
9178256148,9178256131,1
9181261808,3529010436,1
9181261808,3529010440,1
9186942697,9186942698,1
9186942698,9186942697,1
9197803732,9197803738,1
9197803738,9197803732,1
9205542211,282681741,1
9205542212,9205554417,1
9205554417,9205542212,1
9249471121,618888980,1
9283040409,9286721758,1
9283040410,5586606656,1
9286721758,9283040409,1
9291232582,9291232583,1
9291232583,9291232582,1
9327898338,9327898341,1
9327898341,6359420380,1
9327898341,9327898338,1
9327898341,9327898344,1
9327898344,9327898341,1
9328058951,5308323040,1
9331980217,1626620927,1
9338171556,9338171570,1
9338171558,9339036960,1
9338171570,9338171556,1
9339036960,296363322,1
9339036960,9338171558,1
9349799273,1052708411,1
9350667398,9350667399,1
9350667399,9350667398,1
9350829303,9944730516,1
9350829306,9944730505,1
9350829307,9944730499,1
9362577995,9362577999,1
9362577997,9362578000,1
9362577999,9362577995,1
9362577999,9362578000,1
9362577999,9362578003,1
9362577999,9877017453,1
9362578000,9156241447,1
9362578000,9362577997,1
9362578000,9362577999,1
9362578000,9362578005,1
9362578001,9362578002,1
9362578001,9362578010,1
9362578001,9817168034,1
9362578001,10594232160,1
9362578002,9362578001,1
9362578002,9362578008,1
9362578002,9817168033,1
9362578002,9877017454,1
9362578003,9362577999,1
9362578005,9362578000,1
9362578008,9362578002,1
9362578010,9362578001,1
9370627001,9370627002,1
9370627002,9370627001,1
9380211159,9380211162,1
9380211162,9380211159,1
9385574764,1574141731,1
9386430777,9386430774,1
9395180877,1578090126,1
9415647410,8976525206,1
9452645827,9452645828,1
9452645828,9452645827,1
9484071195,9484071204,1
9484071204,9484071195,1
9485482721,9485482726,1
9485482726,9485482721,1
9502932503,5887604977,1
9502932504,8982473692,1
9504743528,1585526742,1
9504743528,9504743532,1
9504743532,9504743528,1
9520150088,9520150089,1
9520150089,9520150088,1
9520150094,9520150102,1
9520150102,9520150094,1
9520334512,1660636314,1
9521493248,3288877671,1
9521493248,3744812738,2
9532257880,9532257892,1
9532257892,9532257880,1
9532257893,9532257899,1
9532257899,9532257893,1
9534454768,8923658829,1
9534611999,280009128,1
9545675066,9545675075,1
9545675075,9545675066,1
9549153726,9549153727,1
9549153727,18311958,1
9549153727,9549153726,1
9580414063,9580414062,1
9580414064,4626190496,1
9580847114,9580877226,1
9580877226,9580847114,1
9580877227,9580877230,1
9580877230,9580877227,1
9580877236,10014235115,1
9597946518,9597946529,1
9597946529,9597946518,1
9598469641,9598469642,1
9598469642,9598469641,1
9606265288,9606265292,1
9606265292,9606265288,1
9607457599,9607457605,1
9607457605,9607457599,1
9607479989,9607479996,1
9607479996,9607479989,1
9611159044,9611159047,1
9611159047,9611159044,1
9628627525,9628627525,6
9628627525,9628627526,1
9628627526,9628627525,1
9628627526,10231384851,1
9628806510,9628806513,1
9628806513,9628806510,1
9632051931,9634950031,1
9632051945,9634950031,1
9633177887,9633177888,1
9633177888,9633177887,1
9634914096,9634963250,1
9634950028,9634950031,1
9634950031,9632051931,1
9634950031,9632051945,1
9634950031,9634950028,1
9634963246,9634963250,1
9634963250,9634914096,1
9634963250,9634963246,1
9634963250,9634963255,1
9634963255,9634963250,1
9645552440,6856656928,1
9645552440,6856686366,1
9645569864,5591554754,1
9645569864,5724557356,1
9645569864,5856744462,1
9645573065,6045824972,1
9645583013,8628938224,1
9645583859,3732183396,1
9651651554,9651651557,1
9651651557,9651651554,1
9658642185,9658642206,1
9658642206,9658642185,1
9692193664,9994887810,2
9696090019,11019943045,1
9704717403,26201555,1
9709232034,8824690410,1
9710172605,9779924249,1
9711796148,9711796147,1
9714313247,9714313248,1
9714313248,9714313247,1
9716747044,2508055967,1
9718509404,9718509398,1
9725109682,9725109683,1
9725109683,9725109682,1
9725124545,257790024,2
9725124545,540354341,1
9728670419,9728670421,1
9728670421,9728670419,1
9747460736,8982473692,1
9758327186,9758327189,1
9758327189,9758327186,1
9758327190,9758327195,1
9758327195,9758327190,1
9758337778,9758337780,1
9758337778,9841230518,1
9758337778,10126553994,1
9758337780,9758337778,1
9770106758,9770106759,1
9770106759,9770106758,1
9770172105,7713153513,1
9770172105,9770172107,1
9770172105,9775979905,2
9770172107,6284075938,1
9770172107,9770172105,1
9770172107,9775979905,1
9772961700,9772961701,1
9772961701,9772961700,1
9773302719,9798828916,1
9775957034,9775957035,1
9775957035,9775957034,1
9775957036,9775957037,1
9775957037,9775957036,1
9775979905,9770172105,2
9775979905,9770172107,1
9776026708,9776026709,1
9776026709,9776026708,1
9776026711,4973315567,1
9776026712,9776026714,1
9776026714,9776026712,1
9779924249,9710172605,1
9789336884,9789336885,1
9789336885,9789336884,1
9793862897,9950036244,1
9793905355,4199695896,1
9795471038,9795471039,1
9795471039,9795471038,1
9798699627,9798699629,1
9798699629,9798699627,1
9798699630,9798699634,1
9798699634,9798699630,1
9798699642,9798699644,1
9798699644,9798699642,1
9798699645,9798699651,1
9798699651,9798699645,1
9798823241,9946705080,4
9798828916,9773302719,1
9799646412,9955671435,1
9800185794,6048839685,1
9800309546,2237901290,1
9800309582,9800309585,1
9800309585,9800309582,1
9803884419,4404849071,1
9803884419,9803884420,1
9803884419,9803884421,1
9803884420,4404849080,1
9803884420,9803884419,1
9803884421,9803884423,1
9803884421,9803884424,1
9803884423,9803884420,1
9803884423,9803884421,1
9803884423,9803884424,1
9803884424,4974537385,1
9803884424,9803884421,1
9803884424,9803884423,1
9806506050,10811891100,1
9813048876,9813048879,1
9813048879,9813048876,1
9817168033,9362578002,1
9817168034,9362578001,1
9821927093,10244483284,1
9821927094,4218000684,1
9821927098,4218000679,1
9825791194,4973363469,2
9825791195,4973363468,1
9833444989,340552667,1
9833444992,340552670,1
9833445009,9833445010,1
9833445010,9833445009,1
9833479274,9833616155,1
9833479276,9833616154,1
9833479278,9833616153,1
9833616153,9833479278,1
9833616154,9833479276,1
9833616155,9833479274,1
9833616156,5699199839,1
9834619249,3391623294,1
9834619251,3391623821,1
9834619253,3391623315,1
9834619255,340552664,1
9834619257,340552665,1
9834698424,5699199860,1
9834698468,10240929915,1
9836290324,290726349,1
9838556797,9838556798,1
9838556798,9838556797,1
9839949347,3858602376,1
9839949347,3858602381,1
9839949349,3858602389,1
9839949349,3858602392,1
9839949350,3858602369,1
9839949350,3858602373,1
9839949351,3832394900,1
9839949357,3858601949,1
9839949357,3858601956,1
9841204509,9841204512,1
9841204512,9841204509,1
9841230518,9758337778,1
9843364264,9877050237,1
9845593641,9877017459,1
9845593643,10042744661,1
9846342452,9877017457,1
9846342483,9877017460,1
9846776499,1578229625,1
9848971807,9848971812,1
9848971812,9848971807,1
9865275458,9865275473,1
9865275473,9865275458,1
9868468158,9868468159,1
9868468159,9868468158,1
9868508749,9868508767,1
9868508767,9868508749,1
9873303807,10274568512,1
9873303808,4413843338,1
9877017453,9362577999,1
9877017454,9362578002,1
9877017457,9846342452,1
9877017459,9845593641,1
9877017460,9846342483,1
9877050237,9843364264,1
9877440476,9877440479,1
9877440479,9877440476,1
9877440485,9877440490,1
9877440490,9877440485,1
9878392140,3627937197,1
9883869850,7980756149,1
9883869863,5487376291,1
9905698251,3127841165,1
9911486738,10042744662,1
9911486741,9911486742,1
9911486742,9911486741,1
9920150346,9920150348,1
9920150348,9920150346,1
9920150359,9920150361,1
9920150361,9920150359,1
9920150364,9920150365,1
9920150365,9920150364,1
9922119782,7442159593,1
9922161473,7663289,1
9922478810,4928761335,1
9922478812,4928761331,1
9924993838,2120239980,1
9924993841,1622854710,1
9924993844,9924993845,1
9924993845,9924993844,1
9926894112,1474903181,1
9931330385,9931345958,1
9931345958,9931330385,1
9934420169,9934420172,1
9934420172,9934420169,1
9944631037,2647428577,1
9944730499,9350829307,1
9944730505,9350829306,1
9944730508,9944730509,1
9944730509,9944730508,1
9944730516,9350829303,1
9946705065,286514074,1
9946705080,9798823241,4
9946705088,9950036249,1
9947092192,9947099969,1
9947092192,10032270289,1
9947092193,9947092195,1
9947092193,9947099969,1
9947092195,9947092193,1
9947092196,9947092197,1
9947092197,9947092196,1
9947099963,5109757361,1
9947099969,7442159594,2
9947099969,9947092192,1
9947099969,9947092193,1
9948078910,4502272958,1
9948078911,4502272958,2
9949466826,9949466827,1
9949466827,9949466826,1
9949466832,5333603264,1
9949466832,8599783973,1
9949466832,9949466833,1
9949466833,9949466832,1
9949466859,9949466863,1
9949466863,9949466859,1
9949466865,9949466869,1
9949466869,9949466865,1
9949466871,10046942518,1
9950036244,9793862897,1
9950036249,9946705088,1
9950154962,6048840410,1
9950154962,9950154963,1
9950154963,9950154962,1
9952724251,9952724260,1
9952724260,9952724251,1
9954881851,9954881854,1
9954881854,9954881851,1
9954881861,4553099163,4
9955671435,9799646412,1
9955671438,9955671440,1
9955671439,9955671450,1
9955671439,10237862263,1
9955671440,9955671438,1
9955671443,9955671448,1
9955671448,9955671443,1
9955671450,9955671439,1
9955671450,10237862278,1
9955671451,10237862270,1
9961325672,3730710136,1
9966107145,9966107151,1
9966107151,9966107145,1
9966107151,9966107153,1
9966107153,9966107151,1
9970174196,9970174200,1
9970174200,9970174196,1
9971128052,4502542236,1
9971672375,9971672379,1
9971672379,9971672375,1
9971672379,9971672382,1
9971672379,9971672386,1
9971672382,9971672379,1
9971672386,9971672379,1
9972104470,4937608748,1
9972229441,6218150603,1
9972229441,6218150607,1
9972229441,9972229442,1
9972229442,6218150597,1
9972229442,6218150617,1
9972229442,9972229441,1
9977081198,9977081205,1
9977081205,9977081198,1
9987093683,9987093686,1
9987093686,9987093683,1
9987093687,9987093690,1
9987093690,9987093687,1
9987093704,9987093705,1
9987093705,9987093704,1
9994887801,9994887804,1
9994887804,9994887801,1
9994887806,9994887809,1
9994887809,9994887806,1
9994887810,9692193664,2
9994887813,9994899419,1
9994899419,9994887813,1
9994899422,9994899427,1
9994899427,9994899422,1
9996909142,9996982078,1
9996909144,9996909148,1
9996909148,9996909144,1
9996982078,9996909142,1
10001949942,10001949970,1
10001949970,10001949942,1
10001949977,10009616096,1
10002117508,10002117511,1
10002117511,10002117508,1
10002117512,10002122322,1
10002122322,10002117512,1
10002145260,10002145263,1
10002145263,10002145260,1
10004299251,10004299252,1
10004299252,10004299251,1
10004299254,10004299256,1
10004299256,10004299254,1
10004663135,10126553995,1
10004663169,10004663170,1
10004663170,10004663169,1
10005340536,10005340541,1
10005340541,10005340536,1
10009244126,10009244131,1
10009244131,10009244126,1
10009616070,10009616084,1
10009616075,10009616077,1
10009616077,10009616075,1
10009616079,10009616082,1
10009616082,10009616079,1
10009616084,10009616070,1
10009616096,10001949977,1
10012303881,2596758493,1
10012306431,8873215759,1
10012306432,10012306436,1
10012306436,10012306432,1
10012306473,10012306477,1
10012306477,10012306473,1
10013166377,10013166384,1
10013166384,10013166377,1
10013237545,1337346409,1
10013237546,10013237547,1
10013237547,10013237546,1
10013455108,10015689509,1
10014235115,9580877236,1
10014250820,4502499187,1
10014250824,10014250828,1
10014250828,10014250824,1
10015689501,10018782240,1
10015689502,10015689511,1
10015689509,10013455108,1
10015689511,10015689502,1
10018782240,10015689501,1
10018790162,3402571305,1
10032270289,9947092192,1
10033485130,6359420351,1
10036727091,10036727094,1
10036727094,10036727091,1
10036764318,10036764321,1
10036764321,10036764318,1
10037675872,10137815132,1
10042744661,9845593643,1
10042744662,9911486738,1
10043441846,8768143995,1
10043441846,8768143996,1
10043441846,8768144004,1
10045060032,1570026168,1
10045060033,10045060034,1
10045060034,10045060033,1
10046942518,9949466871,1
10049119422,10049119425,1
10049119425,10049119422,1
10049119426,10049119429,1
10049119429,10049119426,1
10056962818,10056962819,1
10056962819,10056962818,1
10056962833,10058213671,1
10058213671,10056962833,1
10058302766,10058324745,1
10058324690,10058324745,1
10058324745,10058302766,1
10058324745,10058324690,1
10063887224,10063887230,1
10063887225,11061276798,1
10063887226,10063887229,1
10063887227,10063887228,1
10063887228,10063887227,1
10063887229,10063887226,1
10063887230,10063887224,1
10063887231,10063887232,1
10063887232,10063887231,1
10063887233,10063887234,1
10063887234,10063887233,1
10074556267,10079785839,1
10074556269,6167110421,1
10079785839,10074556267,1
10081714476,10081714480,1
10081714480,10081714476,1
10083447065,10083447069,1
10083447068,10083447069,1
10083447069,10083447067,1
10083447069,10083447068,1
10102858336,1623822294,1
10107954182,10107954183,1
10107954183,10107954182,1
10121521894,1652696674,1
10121559719,10121559724,1
10121559724,10121559719,1
10126553994,9758337778,1
10126553995,10004663135,1
10126560717,10126560719,1
10126560719,10126560717,1
10130035118,5601380655,1
10130035119,5977759429,1
10131037271,5464809173,1
10137782303,10137815132,1
10137782304,10763078985,1
10137782312,10137815158,1
10137815132,10037675872,1
10137815132,10137782303,1
10137815158,10137782312,1
10137815158,10137815164,1
10137815164,10137815158,1
10141226859,5298319252,1
10142455726,10142455756,1
10142455746,10142455747,1
10142455747,10142455746,1
10142455751,10142455752,1
10142455752,10142455751,1
10142455756,10142455726,1
10146823629,6045824978,1
10146823633,6045824969,1
10146823637,6045824975,1
10147018112,1524390884,1
10147063417,1524390886,1
10147234981,5867513342,1
10147234981,10147234982,1
10147234982,10147234981,1
10149096121,1270978951,1
10149096121,10149096125,1
10149096125,10149096121,1
10149272667,5890602180,1
10149272674,5890602178,1
10149277108,4103908999,1
10149277112,10149292219,1
10149292218,4103909017,1
10149292219,10149277112,1
10149292237,10149292238,1
10149292238,10149292237,1
10149295567,5885742682,1
10149295575,5885742679,1
10156363390,10156363413,1
10156363395,10156363396,1
10156363395,10156363414,1
10156363396,10156363395,1
10156363397,10156378747,1
10156363402,10156378748,1
10156363405,10156363406,1
10156363405,10156378743,1
10156363406,10156363405,1
10156363407,10156378733,1
10156363413,10156363390,1
10156363414,10156363395,1
10156378721,10156378749,1
10156378724,10156378741,1
10156378733,10156363407,1
10156378739,10156378740,1
10156378740,10156378739,1
10156378741,10156378724,1
10156378743,10156363405,1
10156378747,10156363397,1
10156378748,10156363402,1
10156378749,10156378721,1
10156378750,10156378751,1
10156378751,10156378750,1
10156555254,10156555255,1
10156555255,10156555254,1
10156555256,10156555257,1
10156555257,10156555256,1
10156555257,10156555258,1
10156555258,10156555257,1
10156555259,10156555260,1
10156555260,10156555259,1
10156555261,5860426366,1
10156555262,5860426366,1
10156555264,10156555265,1
10156555265,10156555264,1
10156555266,10156555267,1
10156555267,10156555266,1
10156555268,10156555269,1
10156555269,10156555268,1
10156555270,10156555271,1
10156555271,10156555270,1
10156555280,5867515344,1
10156555285,10156555286,1
10156555286,10156555285,1
10161615727,10161615728,2
10161615727,10161615730,1
10161615728,10161615727,2
10161615728,10161615730,1
10161615730,10161615727,1
10161615730,10161615728,1
10161615730,10161615733,1
10161615730,10161615735,1
10161615731,10161615734,1
10161615731,10161615735,1
10161615731,10161615739,1
10161615732,10161615733,1
10161615732,10161615745,1
10161615732,10161615756,1
10161615733,10161615730,1
10161615733,10161615732,1
10161615733,10161615734,1
10161615734,10161615731,1
10161615734,10161615733,1
10161615734,10161615735,1
10161615735,10161615730,1
10161615735,10161615731,1
10161615735,10161615734,1
10161615739,10161615731,1
10161615739,10161615750,1
10161615739,10161615751,1
10161615740,10161615741,1
10161615741,10161615740,1
10161615741,10161615744,1
10161615741,10161615756,1
10161615744,10161615741,1
10161615744,10161615745,1
10161615744,10161615747,1
10161615745,10161615732,1
10161615745,10161615744,1
10161615745,10161615751,1
10161615747,10161615744,1
10161615747,10161615750,1
10161615747,10161615752,1
10161615750,10161615739,1
10161615750,10161615747,1
10161615750,10161615752,1
10161615751,10161615739,1
10161615751,10161615745,1
10161615751,10161615752,1
10161615752,10161615747,1
10161615752,10161615750,1
10161615752,10161615751,1
10161615756,9006256562,1
10161615756,10161615732,1
10161615756,10161615741,1
10183884307,10652938137,1
10199392042,10199392045,1
10199392045,10199392042,1
10210552995,10210552998,1
10210552998,10210552995,1
10210553008,10221487327,1
10211497453,10211497454,1
10211497453,10211497455,1
10211497453,10211497457,1
10211497453,10211497458,1
10211497454,10211497453,1
10211497454,10211497455,1
10211497455,10211497453,1
10211497455,10211497454,1
10211497455,10211497457,2
10211497457,10211497453,1
10211497457,10211497455,2
10211497458,10211497453,1
10211497487,10211497489,1
10211497489,10211497487,1
10215336379,10215336393,1
10215336393,10215336379,1
10221487327,10210553008,1
10229248949,5680196750,1
10229248950,593869909,1
10231384851,9628627526,1
10233262238,7329860054,1
10233262238,10233262394,1
10233262246,10233262406,1
10233262394,10233262238,1
10233262406,10233262246,1
10237750582,10237862276,1
10237750587,10237862277,1
10237862256,10237862259,1
10237862259,10237862256,1
10237862261,10237862275,1
10237862263,9955671439,1
10237862264,10237862281,1
10237862265,10237862283,1
10237862268,10237862276,1
10237862269,10237862285,1
10237862270,9955671451,1
10237862271,10237862272,1
10237862272,10237862271,1
10237862275,10237862261,1
10237862276,10237750582,1
10237862276,10237862268,1
10237862277,10237750587,1
10237862278,9955671450,1
10237862279,10237862284,1
10237862281,10237862264,1
10237862283,10237862265,1
10237862284,10237862279,1
10237862285,10237862269,1
10239850664,10239850671,1
10239850664,10239850675,1
10239850664,10239850676,1
10239850665,10239850666,1
10239850666,10239850665,1
10239850671,10239850664,1
10239850675,10239850664,1
10239850676,10239850664,1
10239887019,8764411928,1
10240847307,10240929916,1
10240929913,5699199832,1
10240929915,9834698468,1
10240929916,10240847307,1
10240929919,10240929931,1
10240929930,5699199833,1
10240929931,10240929919,1
10244483284,9821927093,1
10247185691,10247185692,1
10247185692,10247185691,1
10247185693,10247185694,1
10247185694,10247185693,1
10247185695,10247185696,1
10247185696,10247185695,1
10247185697,10247185698,1
10247185698,10247185697,1
10247185699,10247185700,1
10247185700,10247185699,1
10255680847,1190852543,2
10255680847,10255680847,4
10263580949,1637600152,1
10265554815,1468018613,1
10266438111,10947666971,1
10274568512,9873303807,1
10279165382,5715936964,1
10280614089,3127841179,1
10282516677,1394653498,1
10298146968,546474328,1
10300583381,10300583382,1
10300583382,10300583381,1
10302263881,10302263902,1
10302263902,10302263881,1
10302300473,10836844736,1
10543077127,10543077136,1
10543077136,10543077127,1
10557055806,10557134147,1
10557134147,10557055806,1
10559678815,10559678821,1
10559678821,10559678815,1
10563540159,2255813486,1
10563540159,10563540174,1
10563540172,2255813474,1
10563540174,10563540159,1
10564711316,10566474967,1
10566474967,10564711316,1
10567973471,8960110457,1
10570665013,3594065866,1
10579371815,10579371816,1
10579371816,10579371815,1
10580388419,10580388423,1
10580388423,10580388419,1
10588987356,10588987356,2
10589932722,6796507760,1
10594232160,9362578001,1
10607983987,10607984004,1
10607983992,10607984000,1
10607983993,5699199836,1
10607983995,10608039706,1
10607983996,10608039710,1
10607984000,10607983992,1
10607984000,10607984002,1
10607984002,10607984000,1
10607984004,10607983987,1
10608039706,10607983995,1
10608039710,10607983996,1
10608039721,10608039731,1
10608039728,10608039729,1
10608039729,10608039728,1
10608039731,10608039721,1
10621586548,1366703188,1
10621586585,1801617825,1
10635018310,5688563738,1
10635095720,10635095745,1
10635095745,10635095720,1
10649898804,4679112803,1
10649907823,10845990322,1
10649907840,10968930874,1
10649907843,10968930875,1
10651193816,10651193837,1
10651193837,10651193816,1
10651284780,6796507756,1
10651284780,6796507760,1
10651284780,6796507767,1
10651284782,2912495370,1
10651284782,6796507753,1
10651284782,6796507767,1
10651829395,3466388432,1
10652938137,10183884307,1
10657723413,10657723417,1
10657723413,10657723420,2
10657723417,10657723413,1
10657723420,10657723413,2
10671258091,10671281863,1
10671281859,10671283571,1
10671281863,10671258091,1
10671281866,1416141901,1
10671281871,10671283569,1
10671283569,10671281871,1
10671283571,10671281859,1
10684413456,5754863538,1
10700027530,5887604953,1
10700027530,8982473692,1
10739167804,3634600842,1
10741249749,257789992,1
10760771664,10760771668,1
10760771668,10760771664,1
10763078981,10763078986,1
10763078984,10763078985,1
10763078985,10137782304,1
10763078985,10763078984,1
10763078986,5075688822,1
10763078986,10763078981,1
10763078986,10934067424,2
10778799290,10778799291,1
10778799291,10778799290,1
10811143965,10811143962,1
10811891089,10811891098,1
10811891098,10811891089,1
10811891100,9806506050,1
10811891100,10811891104,1
10811891100,10811891108,1
10811891103,10811891104,1
10811891104,10811891100,1
10811891104,10811891103,1
10811891108,10811891100,1
10824999124,10824999143,1
10824999143,10824999124,1
10826492590,10826492599,1
10826492599,10826492590,1
10826642225,10826642226,1
10826642226,10826642225,1
10826642227,10826642228,1
10826642228,10826642227,1
10826642229,10826642230,1
10826642230,10826642229,1
10829900602,4980714615,1
10829900603,4980714612,1
10832230260,3635229224,1
10832230263,3635229223,1
10832230263,10832230275,1
10832230263,10832230276,1
10832230264,3635229222,1
10832230264,10832230273,1
10832230264,10832230274,1
10832230265,3635229221,1
10832230265,10832230271,1
10832230265,10832230272,1
10832230266,3635229220,1
10832230266,10832230269,1
10832230266,10832230270,1
10832230269,10832230266,1
10832230270,10832230266,1
10832230271,10832230265,1
10832230272,10832230265,1
10832230273,10832230264,1
10832230274,10832230264,1
10832230275,10832230263,1
10832230276,10832230263,1
10832230277,3635229219,1
10832230279,3635229216,1
10832230281,3635229226,1
10832230281,10832230283,1
10832230281,10832230284,1
10832230283,10832230281,1
10832230283,10832230289,1
10832230283,10832230290,1
10832230284,3635266133,1
10832230284,10832230281,1
10832230284,10832230286,1
10832230286,10832230284,1
10832230286,10832230287,1
10832230286,10832230288,1
10832230287,10832230286,1
10832230288,10832230286,1
10832230289,10832230283,1
10832230290,10832230283,1
10832288906,2378383736,1
10832288907,2378383731,1
10832288908,2378383716,1
10832288909,2378383726,1
10832288910,2378383733,1
10832288911,2378383718,1
10832322333,10832322339,1
10832322339,10832322333,1
10833643660,10833643662,1
10833643662,10833643660,1
10833678370,6796507753,1
10833678370,10833678373,1
10833678370,10833678379,1
10833678373,10833678370,1
10833678375,1608092797,1
10833678375,6796507777,1
10833678375,10833678377,1
10833678377,1608092797,1
10833678377,6796507777,1
10833678377,10833678375,1
10833678378,10833678379,1
10833678379,3399641134,1
10833678379,10833678370,1
10833678379,10833678378,1
10836314768,10836344518,1
10836344518,10836314768,1
10836844736,10302300473,1
10836844753,4393205503,1
10839839396,10302300473,1
10839839397,1574092463,1
10842043500,10842043501,1
10842043501,10842043500,1
10845990322,10649907823,1
10846848857,5297516288,1
10846848868,5297516286,1
10864269587,4199695832,1
10864665002,10864775088,1
10864775088,10864665002,1
10864798752,5323396410,1
10873910675,10873910681,1
10873910681,10873910675,1
10873945507,10873945508,1
10873945508,10873945507,1
10876850173,10876850178,1
10876850177,10876850178,1
10876850178,10876850173,1
10876850178,10876850177,1
10879388066,8995226535,1
10881746313,10881746326,1
10881746326,10881746313,1
10886082016,20922325,1
10888538909,10888538911,1
10888538911,10888538909,1
10899900434,8223077952,1
10902459892,10902459893,1
10902459893,10902459892,1
10931542880,6736742912,1
10934067424,10763078986,2
10936520551,10936520564,1
10936520551,10936520565,1
10936520551,10936818720,1
10936520564,10936520551,1
10936520565,10936520551,1
10936818720,10936520551,1
10939743596,4535434945,1
10947666971,10266438111,1
10968930874,10649907840,1
10968930875,10649907843,1
10974061558,10974061559,2
10974061559,10974061558,2
10975159551,10975159552,1
10975159552,10975159556,1
10975159553,307305949,1
10975159556,10975159552,1
10975159556,10975159557,1
10975159557,10975159556,1
10975159558,10975159559,1
10975159559,10975159558,1
11005984088,11005984089,1
11005984089,11005984088,1
11017383324,11017383326,1
11017383326,11017383324,1
11019943045,9696090019,1
11034665353,1863560254,1
11038633550,1805784990,1
11039621259,8561121014,1
11043628254,11043628257,1
11043628257,11043628254,1
11047098729,11047148066,1
11047105452,8893444781,1
11047105493,11047105494,1
11047105494,11047105493,1
11047148066,11047098729,1
11059987957,8995891494,1
11061276798,10063887225,1
