u,v,railways_p_count
118725,6357644306,4
118787,274394389,2
118792,118806,2
118792,1052708411,2
118806,118792,2
118806,5933881443,2
118868,606927508,2
118869,8334638452,1
125423,6465638890,4
147452,147457,2
147452,7907707747,2
576717,2602121817,4
687876,687883,1
687876,7432898420,1
687883,687876,1
687883,12733807,2
697507,118821,2
697507,265144975,2
697535,8088039,4
697535,1190835755,1
697791,1039454917,1
697791,6496142656,1
697822,2899149634,1
698019,286577815,1
698027,8084553,2
698650,8644585630,4
725336,296362687,2
791978,312322529,2
792009,7320237231,2
792914,1896822370,2
1055752,8752090476,2
1055879,295966966,1
1055879,580890076,1
1055879,1116941149,1
1055882,577282509,2
1731057,1061673929,8
6488605,267550712,5
6488605,4714895441,2
6504038,7262118,2
6527605,7397306,1
6527605,8086661,1
6527605,445515600,1
7211076,7262117,1
7224402,2931115240,5
7235762,277057926,2
7262116,8097292,1
7262117,7262118,1
7262118,6504038,2
7262118,7262117,1
7262118,532495646,2
7313647,10908450603,1
7397306,6527605,1
7481098,267550712,5
7481098,3636998423,5
7481121,13118558,5
7487077,2226036741,2
7487078,3106249630,2
7487078,3279874610,1
7487078,3627218947,2
7487096,8082318,1
7640634,2338083476,2
7646323,10161917815,2
7646325,781544,2
7665009,1614288297,2
7670449,314435400,1
7670450,10092518389,1
7670450,10092518390,1
7670457,270110040,1
7670465,5015464986,1
7673059,7673064,2
7673068,7673069,2
7673069,7673068,2
7673069,7673076,1
7673071,7673092,1
7673075,4514270009,2
7673076,7673069,1
7673076,7673078,1
7673076,10537342753,1
7673078,7673076,1
7673086,7673092,1
7673090,10132442684,1
7673092,7673071,1
7673092,7673086,1
7673092,308728848,1
7707241,7707242,2
7707242,7707241,2
7707254,9758327195,2
7707256,7712484,2
7712484,7707256,2
7712484,10601826626,2
7712508,8976545062,5
7726672,2931115240,1
7726675,593753744,1
7766773,6476369086,1
7766780,7773008,2
7766780,6476369086,1
7773008,7766780,2
7773013,3468170569,2
7807325,24959171,1
7807326,24959171,1
7807326,7303911688,1
7807328,7807325,2
7807328,24959171,1
7846717,9867029834,2
8078449,277052767,2
8078450,1585537532,1
8078456,8078457,1
8078464,8084579,1
8078464,3093678706,1
8078531,12729145,1
8082291,269593841,1
8082291,269598188,1
8082308,17343216,1
8082309,294222458,2
8082310,294222459,2
8082310,294222469,1
8082311,17343216,1
8082316,8082318,1
8082316,10004663141,2
8082318,7487096,1
8082318,8082316,1
8082318,8082319,1
8082318,10126553995,1
8082319,8082318,1
8082319,8571002828,2
8084096,2687461348,2
8084553,698027,2
8084575,8084579,1
8084579,1543921138,1
8085669,8451196,1
8085669,8803282739,1
8085670,8078456,1
8085673,8085670,2
8085680,7427909255,2
8085683,6838264373,2
8086194,5419101134,1
8086661,6527605,1
8087182,7663286,2
8087215,10437896,5
8087225,9874238385,2
8088035,8088036,2
8088035,298795952,2
8088038,7320545786,2
8088039,697535,4
8088494,298795933,2
8088498,250621617,2
8088643,8086194,2
8089162,8571002835,2
8089402,5319150008,1
8089402,9954881868,1
8097232,8097233,2
8097233,8097232,2
8097233,8097282,2
8097236,7199832086,2
8097236,7199832088,2
8097253,8324096,2
8097253,6048839938,1
8097258,25284378,2
8097258,25284463,2
8097281,8097282,2
8097282,8097233,2
8097282,8097281,2
8099305,4945414572,2
8115914,4393194749,1
8115914,4393194782,1
8115914,10567765627,1
8217858,1207705259,1
8217858,4482360386,1
8226675,8226676,1
8226675,9156241448,1
8226675,9865771101,1
8226678,607315069,2
8228716,1277430506,2
8229910,8304802,1
8229910,1744595520,2
8230445,1756952141,2
8304793,8304794,2
8304794,8304793,2
8304799,8304800,1
8304799,12733820,1
8304802,8229910,1
8304803,8304802,1
8324098,25284457,2
8325355,115428932,2
8459777,7464628635,2
8463259,2226046441,2
8538443,8447078656,2
8546303,6527605,1
8546304,5697186645,1
8891513,4945414579,2
8891513,4945423171,2
8899944,4945414577,1
8919786,274394353,2
8919792,618785753,2
10289823,8084579,1
10437896,8087215,5
10437897,4296995242,3
11062540,1579437238,1
12725370,9946151094,2
12728022,10054014781,2
12729141,12729158,2
12729145,8078531,1
12729145,12729150,1
12729145,1277430439,1
12729150,12729145,1
12729150,1277430107,2
12729158,12729141,2
12729158,12729159,2
12729159,12729158,2
12731094,12731095,1
12731095,12731094,1
12731095,12731097,1
12731097,12731095,1
12731106,12731107,1
12731106,294217395,1
12731106,5411125466,1
12731107,12731106,1
12733802,1419590879,1
12733807,687883,2
12733820,8304799,1
13091934,366513076,2
14781941,6476369086,1
14781967,10271385848,2
16495107,4950627317,1
17343216,8082308,1
17343216,8082311,1
17343216,7373450473,1
18165908,3013003679,4
18227470,5394379326,1
20908366,10570480249,4
20919946,20919945,2
20930086,7512157735,2
20930753,1032476389,4
20930753,2450336466,4
20930965,10895031497,2
20937069,20942726,2
20942726,20937069,2
24840257,24840259,2
24955038,3284701151,2
24956250,4092911577,2
24959171,7807325,1
24959171,7807326,1
24959171,7807328,1
24959171,610608424,1
24996765,24996841,2
24996842,2328511277,2
25248629,10004299254,1
25260946,598201535,1
25284378,25284853,2
25284457,8324098,2
25284457,25284460,2
25284460,25284457,2
25284460,25284462,2
25284462,25284460,2
25284462,25284463,2
25284463,8097258,2
25284463,25284462,2
25284853,25284378,2
25508620,543377690,2
25508750,428910226,2
26081750,26081756,2
26081756,26081750,2
26154491,3471422225,6
26154494,5109935211,1
26154539,1360644293,2
26154937,1281453867,2
26201555,9704717403,1
26237013,26492951,2
26492937,458733438,2
26492951,26237013,2
26635739,5298342754,2
26635741,26635742,2
26635742,26635741,2
26692435,1944632366,1
27084994,27085025,2
27085025,27084994,2
27085026,1944632366,1
27086213,27086214,2
27086214,27086213,2
30891690,2251957916,1
31829190,9598423373,2
31893691,9815599889,2
32359763,1691677236,2
69319621,1785106026,2
73060204,7434184319,1
93421946,3428791968,2
93984226,93984273,1
93984250,93984226,1
93984273,8676333003,1
95853176,125404,2
115428932,8325355,2
115428939,257790038,1
247737948,606927495,2
249639208,477281972,2
249639218,3779551368,4
257790005,8406515013,2
257790010,3086466162,2
257790038,8325355,1
257790038,257790041,1
257790041,257790038,1
257790087,4945414577,1
257936208,8676333001,1
265144975,118874,2
266416656,267180092,2
266702699,4033524128,1
267024700,4652099948,4
267550713,4714895433,5
268690828,8489747558,2
269593842,3646996358,1
269598188,1029964935,1
269938600,10054014780,1
269938616,5513540303,1
270109828,2283813944,1
270109828,9582854920,1
270110040,7670457,1
272862078,6498707586,1
272862367,272864237,1
272864237,272862367,1
273347119,290438736,2
274068932,4191517115,4
274394353,8919786,2
274394389,118787,2
276073724,1657693819,1
276073724,4730948518,2
277056689,593753744,4
277057926,7235762,2
278385085,9370627007,2
278389447,1387400010,2
278781614,2251957916,1
279927888,1049642765,9
279973460,9360188349,2
279998222,598197056,4
280021805,3772022524,2
282678754,576726,5
283110551,5504104391,1
283549495,5714634286,1
285507652,286577815,1
286511812,2336904077,2
286577815,698019,1
286577815,285507652,1
287334347,3308477823,3
287334347,3428473797,1
287346618,2155782417,1
287346618,2516878400,1
287346618,9837951694,1
290438736,273347119,2
290438736,3713903541,1
290726382,290726385,1
290726385,290726382,1
290726385,9836262407,1
291744070,6048884458,1
291744070,10233248876,1
294217386,269938600,1
294217395,12731106,1
294217395,298464615,2
294222458,8082309,2
294222459,8082310,2
294222469,8082310,1
294222469,296199137,1
294222469,6937813497,1
295966966,1055879,1
296199137,294222469,1
296199221,296206763,1
296199221,2283820146,1
296206763,296206772,1
296206763,2283820148,1
296206871,9651651557,1
296362687,725336,2
296363322,298795933,2
297902585,297902586,1
297902585,10815916206,1
297902586,297902585,1
297902586,10232707002,2
297902599,10802018146,2
298099253,1628379741,4
298446902,9501036423,3
298464610,7432898417,1
298464610,7432898418,1
298464610,7432898423,1
298464610,7432898427,1
298464615,294217395,2
298466192,1623906020,2
298480575,8298205431,2
298480597,5423479419,2
298527246,1620374718,1
298530877,1411014685,2
298795441,298795456,3
298795449,2512504212,2
298795449,2513054100,8
298795456,298795441,3
298795456,1181499850,1
298795465,2513054106,1
298795496,298795465,1
298795496,298795504,1
298795504,298795465,2
298795691,8676333002,1
298795898,1190873137,5
298795898,6357644356,1
298795933,8088494,2
298795933,296363322,2
298795952,8088035,2
299498437,8644585635,4
299742416,10635095742,1
300094195,300094211,4
300094211,300094195,4
300094211,300094223,4
300371898,300371896,2
300371898,2327433450,2
300444904,1582952838,2
303345555,1225576327,2
308206107,1234226326,2
308637131,1582952838,2
308641400,9324309778,2
308728848,7673092,1
308728848,500851059,2
312322529,791978,2
312322529,1059565488,1
314435399,10049119433,1
314435400,7670449,1
314435405,2283820145,1
315018172,282678754,3
315018174,315018172,2
330204177,618785741,2
330974787,1823323267,1
330975227,331139931,1
330975227,1853300072,1
330975756,5394379326,1
331139931,330975227,1
335980904,8304792,2
335980904,335980908,2
335980908,335980904,2
366513076,13091934,2
408435172,428910226,2
421432256,6949628466,4
421862952,336232785,8
424595291,1657693819,3
433548403,257790038,1
435681911,4945423171,2
445515600,6527605,1
452607638,1234226376,2
458718207,1059654171,1
458733438,26492937,2
477281972,1387400007,1
477438179,7303890549,1
477438179,7303890553,1
477438193,477438297,1
477438276,10802018069,1
477438278,1412122343,2
477438294,477438297,1
477438297,477438193,1
477438297,477438294,1
477441833,7303890542,1
500851059,308728848,2
532495646,7262118,2
538264851,4980714615,1
543377604,4428907406,2
543377690,25508620,2
559533233,588405662,1
562654462,9877017461,2
562654462,9877050227,2
565466667,4927567104,2
569015224,4888130552,2
577282497,4935428633,1
577282497,5114682610,2
577282509,1055882,2
577282509,4935428633,1
577282536,9810546184,2
580890076,1055879,1
582811487,1446321083,4
586436646,2253529695,1
588405662,559533233,1
593753744,7726675,1
593753744,277056689,4
593869909,1578282344,2
595293330,5680196415,2
598197056,279998222,4
598201535,25260946,1
598201537,8540620483,6
598201555,1973430689,2
598201555,8540620494,2
606927495,247737948,2
606927508,118868,2
607315069,607315066,1
610608424,24959171,1
610608424,7303911686,1
611763107,618600671,2
618600671,611763107,2
618785741,330204177,2
618785753,8919792,2
618819473,3379557973,2
618888983,2269786651,4
618888984,618888988,3
618888984,2269786651,2
618888988,618888984,3
618888988,7899100659,1
659992468,659992475,2
659992475,659992468,2
659994615,659994616,2
659994616,659994615,2
674093686,1620882555,1
674093689,1620882555,1
727392860,727392869,1
727392860,727392871,1
727392860,4502272972,1
727392860,4645880154,1
727392868,727392869,2
727392868,1614160621,1
727392869,727392860,1
727392869,727392868,2
727392871,727392860,1
727419782,10206801161,3
763646727,3713815423,4
763646727,8406515013,2
763646728,290438736,1
763646728,3713815423,3
763646729,763646728,1
790120764,4972445177,1
790120764,5930919861,1
790120764,8923658654,1
849698882,10831678623,2
865168137,1282708379,2
865168142,1234226368,2
899205620,3623340259,2
927293730,9905698234,2
976030621,5824034045,6
1029472891,3221718947,2
1029964923,1029964935,1
1029964935,1029964923,1
1029964935,4199695804,1
1032476389,20930753,4
1032476424,1038575436,2
1038414672,5504104611,2
1038575436,1032476424,2
1039454917,697791,1
1039454917,1374694354,1
1040150223,5073252280,1
1049642765,279927888,9
1050213873,1524382456,2
1050213873,5887571934,2
1050213876,5440433377,1
1051217434,6923443831,1
1051217434,6923443832,1
1051720385,9782463283,8
1051817889,5037644597,1
1052225650,9956803468,3
1052300762,5037644597,1
1052554928,1052554950,1
1052554950,1052554928,1
1052708411,9349799273,2
1059527571,1059527645,1
1059527645,1059527571,1
1059527645,3635213519,1
1059552065,1059654331,1
1059552065,1059654399,1
1059565446,1059565488,1
1059565458,8500302871,1
1059565488,312322529,1
1059565488,1059565446,1
1059565488,1059565494,1
1059565488,8500302872,1
1059565494,1059565488,1
1059565494,1059603105,1
1059565528,8500302871,1
1059603099,1059603105,1
1059603099,7439532562,1
1059603099,7439532563,1
1059603103,7439532562,1
1059603103,7439532563,1
1059603105,1059565494,1
1059603105,1059603099,1
1059603105,1059603136,1
1059603105,1059603186,1
1059603136,1059603105,1
1059603186,1059603105,1
1059654106,1059654144,2
1059654142,1059654390,2
1059654144,1059654106,2
1059654156,1059654353,2
1059654171,458718207,1
1059654254,1059654317,2
1059654317,1059654254,2
1059654331,1059552065,1
1059654353,1059654156,2
1059654390,1059654142,2
1059654399,1059552065,1
1060100646,1060100649,1
1060100649,1060100646,1
1060375178,1060375331,2
1060375331,1060375178,2
1063570429,4243252161,2
1064256599,6913910377,3
1116941149,1055879,1
1152732078,7904807283,2
1170269392,1189377054,1
1170269392,2700973883,1
1181499850,298795456,1
1181499859,6359420314,1
1189253953,10964856176,2
1189377054,1170269392,1
1190835755,8088038,1
1190835755,7588108458,1
1190873103,2512504197,7
1190873115,298795898,4
1207705259,8217858,1
1217412998,1217413015,2
1217413015,1217412998,2
1217413022,1217413025,2
1217413025,1217413022,2
1222980834,6943466028,1
1222980834,7430325759,1
1223225275,8529636543,2
1225576327,303345555,2
1227107801,9905698232,2
1234226322,1234226386,2
1234226326,308206107,2
1234226368,865168142,2
1234226376,452607638,2
1234226386,6328325387,2
1255213436,1357615533,2
1277430107,12729150,2
1277430240,1277430717,2
1277430439,12729145,1
1277430506,8228716,2
1277430717,1277430240,2
1281443548,11039263874,2
1281453867,26154937,2
1282708379,865168137,2
1282708379,1234226399,2
1286659446,7303890545,1
1296172629,1619530833,2
1302474338,118874,2
1307947289,1944632366,1
1307947290,1944632366,1
1329110162,7726386308,2
1330913881,2302924762,4
1330937536,2683325896,1
1330937536,7187568424,1
1330937538,2428138756,2
1357615533,1255213436,2
1357615533,4243252171,2
1359275428,1359275439,2
1359275439,1359275428,2
1360644293,26154539,2
1364396418,1364396494,2
1364396418,9431343607,2
1364396494,1364396418,2
1374694354,1039454917,1
1387400007,477281972,1
1387400007,1387400010,1
1387400010,1387400007,1
1388596033,4669043012,2
1411009786,298530877,2
1411965498,1412308979,2
1411965525,1411996786,2
1411996786,1411965525,2
1411996786,10815343733,2
1411996789,1412308973,2
1412122343,477438278,2
1412122343,7303890542,1
1412162903,8447078654,2
1412308973,1411996789,2
1412308973,1412308977,2
1412308977,1412308973,2
1412308979,1411965498,2
1412308979,1412308984,2
1412308979,1412308991,2
1412308984,1412308979,2
1412308991,1412308979,2
1416141846,2367865351,2
1416141873,1422735430,1
1416141881,1422735430,1
1416141881,1422735431,1
1419590879,12733802,1
1422735430,1416141873,1
1422735430,1416141881,1
1422735430,1422735432,1
1422735431,1416141881,1
1422735431,1422735432,1
1422735431,1422735433,1
1422735432,1422735430,1
1422735432,1422735431,1
1422735433,1422735431,1
1460168899,1460168900,2
1460168900,1460168899,2
1476900180,3294550674,2
1488402536,1490962339,2
1490962339,1488402536,2
1496314332,1619530966,1
1496408439,6328329849,1
1512950420,1512950476,1
1512950420,5394379328,1
1512950476,1512950420,1
1512958855,6991051645,2
1531505278,9384786220,2
1555439286,1853300070,1
1555730315,4515629280,2
1568601459,8441650293,2
1568601459,8691876260,2
1570026212,9834698620,1
1573985881,1573985939,3
1573985918,5037644597,3
1573985918,9782463283,5
1573985939,1573985881,3
1578229642,1614160621,2
1578282344,593869909,2
1579405435,3830002742,2
1579437238,899205620,1
1579437238,1579437357,1
1579437357,1579437238,1
1579567610,1579567691,2
1579567632,1579567705,2
1579567691,1579567610,2
1579567699,1579567734,2
1579567702,9893481663,2
1579567705,1579567632,2
1579567734,1579567699,2
1579567759,9893481661,2
1582952838,300444904,2
1582952838,308637131,2
1584143227,4625203789,2
1585537532,8078450,1
1585537532,3093669085,1
1598907886,4393194734,1
1608092797,2765619849,2
1610642276,8447283477,2
1614160621,727392868,1
1614232469,9156241446,1
1619442323,4950627317,1
1619442444,1619442446,1
1619442446,1619442444,1
1619442446,1619442448,1
1619442448,1619442446,1
1619530764,3341926669,2
1619530833,1296172629,2
1619530864,9893481681,2
1619530966,1496314332,1
1619530966,1619530967,1
1619530967,1619530966,1
1619530970,6328329849,1
1619555026,1619555033,2
1619555032,408434443,2
1620260566,1620260581,2
1620260581,1620260566,2
1620260581,1620260598,2
1620260598,1620260581,2
1620374718,1620374821,1
1620882555,674093686,1
1620882555,674093689,1
1620882602,2194189868,2
1623906020,298466192,2
1623906020,7403412660,1
1623906347,9893481662,2
1623906353,2992867687,2
1625363958,268690828,2
1628379741,298099253,4
1628379741,4725608650,2
1628550490,300094233,2
1631288025,1631288069,1
1631288037,1631288070,1
1631288037,9091553422,1
1631288069,1631288025,1
1631288069,3353617264,2
1631288070,1631288037,1
1657693819,276073724,1
1657693819,424595291,3
1682352509,8977497987,1
1691677236,32359763,2
1756952141,8230445,2
1785106033,3991376018,2
1798826433,1798826439,2
1798826439,1798826433,2
1801254716,1801254723,2
1801254723,1801254716,2
1802854810,2428201600,1
1803909395,10895004017,6
1823323267,330974787,1
1853300069,9743390712,1
1853300069,9795471037,1
1853300070,1555439286,1
1853300071,5394379200,1
1853300072,330975227,1
1866790193,10653115985,1
1871856405,2302924764,4
1871870734,10233262218,3
1896822366,5073252280,1
1896822370,792914,2
1944632366,26692435,1
1944632366,27085026,1
1944632366,1307947289,1
1944632366,1307947290,1
1944632366,3675330840,1
1944632366,7912308880,1
1944632366,10566474939,1
1958097454,5109935211,1
1973430689,598201555,2
2025460909,6913910377,2
2036142132,6233139612,2
2042811789,2992867687,2
2042811789,9704717407,1
2042811820,9893481686,2
2093233857,4594332245,10
2096341256,6979216245,11
2155782417,287346618,1
2194189868,1620882602,2
2206895597,8977497995,1
2226036755,3627218951,3
2226036755,6048839944,1
2226046410,298518052,2
2251957916,30891690,1
2251957916,278781614,1
2253529695,586436646,1
2255974214,2255974215,1
2255974214,2255974219,1
2255974214,4669043028,1
2255974215,2255974214,1
2255974219,2255974214,1
2255974223,5697186645,1
2257829658,5065870648,1
2269786651,618888983,4
2269786651,618888984,2
2283820143,296206763,1
2283820143,2283820146,1
2283820145,296206772,1
2283820145,2283820147,1
2283820145,2283820148,1
2283820146,2283820143,1
2283820146,2283820151,1
2283820146,6036958723,1
2283820147,2283820145,1
2283820148,2283820145,1
2283820151,2283820146,1
2302924762,1330913881,4
2302924764,1871856405,4
2302924770,2428138770,2
2327433450,300371898,2
2327433450,9836262383,1
2328511277,24996842,2
2332703105,2647428580,3
2336904077,286511812,2
2336904077,9501036421,1
2336904077,9501036423,1
2336904077,10570665021,1
2338083476,7640634,2
2343875245,3100571343,4
2353726390,2428185167,1
2353726390,7187568402,4
2367865231,4789456563,4
2367865351,1416141846,2
2367865351,10671281868,1
2369579170,298795898,4
2369579170,6357644356,5
2378150438,2378150442,1
2378150442,2327425944,1
2378150445,2378150441,1
2378383716,2378383726,2
2378383716,2378383731,2
2378383718,2378383733,2
2378383718,2382771341,1
2378383726,2378383716,2
2378383726,2378383733,2
2378383731,2378383716,2
2378383731,2378383736,3
2378383731,10832288907,1
2378383733,2378383718,2
2378383733,2378383726,2
2378383736,2378383731,3
2378383736,7600398062,1
2378383736,7729856004,1
2382771341,2378383718,1
2393603490,10674353712,1
2393603490,10676015862,1
2428138756,1330937536,1
2428185164,2428185167,1
2428185167,2302924770,1
2428185167,2428185169,3
2428201598,291744070,1
2428201598,2428201599,1
2428201599,2428201598,1
2428201599,5999985006,1
2428201600,698019,1
2428201600,1802854810,1
2428201600,2428201601,1
2428201601,2428201600,1
2450336466,20930753,4
2460384709,7854846731,2
2472107013,2472107015,1
2472107013,5394379326,1
2472107015,2472107013,1
2472107027,2472107028,2
2472107027,2472107031,1
2472107028,2472107027,2
2472107028,2472107031,1
2472107031,2472107027,1
2472107031,5706462977,1
2472107031,10004960719,1
2479454888,6923443831,1
2505920896,9704717407,1
2512504197,298795432,3
2512504197,1190873103,7
2512504212,298795449,2
2512504212,3635229217,6
2513054100,298795496,2
2513054100,3635229217,4
2513054106,298795432,9
2516878400,287346618,1
2595937408,9320496923,1
2602121817,576717,4
2602121817,7836945748,3
2647428577,2647428583,3
2647428580,2332703105,3
2647428580,9850840305,1
2647428583,2647428577,3
2647428583,9850840304,1
2677289613,3525860483,2
2683325895,2302924770,2
2683325896,7187568423,2
2687461348,8084096,2
2687461348,1411014685,2
2691458207,8491602211,1
2691458207,8491602212,1
2691486189,8491663723,1
2691486189,8491663724,2
2694388856,2694388860,2
2694388860,2694388856,2
2700973883,1170269392,1
2737213860,2737213861,3
2737213860,2737213867,2
2737213861,2737213866,2
2737213861,2737213873,4
2737213866,2737213861,2
2737213867,2737213860,2
2737213872,2737213860,2
2737213872,2737213873,3
2760235872,3093678706,1
2765619849,1608092797,2
2765619849,2765619854,1
2765619854,2765619849,1
2765619854,2912495363,1
2765619854,10659676461,3
2765619898,10651284755,1
2815315653,5711295382,2
2825666668,3627218951,1
2899149634,8491602201,2
2912495362,6796507762,2
2912495363,2765619854,1
2912495363,10902459893,1
2912495365,2998172654,1
2912495366,1330913949,1
2912495366,2912495367,1
2912495367,2912495366,1
2912495367,9249469008,7
2912495368,10589601497,7
2912495368,10655888676,1
2912495370,10651284779,2
2912495370,10659728203,2
2913469209,2912495368,2
2913469209,10651284771,1
2918615959,2912495365,4
2918615959,6796507771,1
2919334829,2933638493,2
2931115240,7224402,5
2931115240,7726672,1
2933638491,9324326025,2
2933638492,2933638493,2
2933638493,2919334829,2
2933638493,2933638492,2
2940373755,8710151408,2
2940749198,6531895201,1
2940749198,8223078111,1
2992867687,1623906353,2
2992867687,2042811789,2
3008378230,266415911,2
3009249955,9948078901,3
3013003679,18165908,4
3047095448,5423479415,2
3086466162,3100571332,2
3086466162,3394239335,2
3093669085,1585537532,1
3093678706,2760235872,1
3100567815,5970423248,1
3100567816,5970423248,1
3100567817,3100571355,4
3100567818,3100571350,4
3100571343,2343875245,4
3100571345,3100571347,4
3100571346,3100571347,4
3100571347,3100571345,4
3100571347,3100571346,4
3100571348,3100571349,4
3100571349,3100571348,4
3100571350,3100567818,4
3100571351,3100571352,4
3100571352,3100571351,4
3100571353,3100571354,4
3100571354,3100571353,4
3100571355,3100567817,4
3100571356,3627218944,4
3106249629,3106249630,1
3106249629,3106249631,1
3106249630,3106249629,1
3106249631,3106249629,1
3198515811,285957773,1
3199215093,5068032530,1
3199215093,5068032580,1
3207920894,10131037295,9
3221718950,1834626316,2
3221718950,3221718956,2
3221719263,1029472891,2
3221745479,2349943036,2
3279874610,7487078,1
3279874610,6048839938,4
3279874620,6048840410,3
3284701118,3284701151,2
3284701151,24955038,2
3284701151,3284701118,2
3294550674,1476900180,2
3296230846,20930086,2
3296230846,7424040139,2
3308477823,287334347,3
3341926669,1619530764,2
3350413339,8082311,2
3353617264,6496142652,1
3379557973,618819473,2
3394239335,3394239336,4
3394239336,3394239335,4
3410464531,4230604095,2
3425425153,3779551364,4
3425425153,4305444788,4
3425425153,9219069286,4
3428473797,287334347,1
3428791968,93421946,2
3468170569,7773013,2
3471422225,26154491,6
3525860483,2677289613,2
3559238195,10130034971,3
3594065875,3594065876,1
3594065876,3594065875,1
3623340259,899205620,2
3623358704,6328325387,2
3626959237,6651812343,2
3627218944,3100571356,4
3627218946,6048884463,2
3627218947,7487078,2
3627218951,2226036755,3
3627218951,2825666668,1
3627218951,6048884455,1
3627218951,10233262326,1
3630841681,10229248950,2
3632717593,4950643825,1
3635213519,1059527645,1
3635219649,2516856980,1
3635229216,3635229219,2
3635229216,3635229228,1
3635229217,2512504212,6
3635229217,2513054100,4
3635229218,3635229221,2
3635229219,3635229216,2
3635229219,3635229220,2
3635229220,3635229219,2
3635229221,3635229218,2
3635229221,3635229222,2
3635229222,3635229221,2
3635229222,3635229223,2
3635229223,3635229222,2
3635229223,3635229224,1
3635229224,3635229223,1
3635229226,3635266135,5
3635229226,10832230281,2
3635229228,3635229216,1
3635266133,3635266134,7
3635266133,10832230284,3
3635266134,3635266133,7
3635266134,3635266135,5
3635266135,3635229226,5
3635266135,3635266134,5
3636387522,8500169642,1
3646996358,269593842,1
3646996358,3646996361,1
3646996358,7373450460,1
3646996361,8082291,1
3646996361,3646996358,1
3658261012,8082291,1
3662027356,7563505115,2
3662027359,270109828,1
3675330840,1944632366,1
3675560898,17343216,1
3679259118,4482361691,1
3695337456,3695337472,1
3695337456,3695337476,1
3695337461,3695337472,1
3695337472,3695337456,1
3695337472,3695337461,1
3695337472,3695337476,1
3695337476,3695337456,1
3695337476,3695337472,1
3695337476,4484056202,1
3695337477,4484056197,2
3713815420,3713903541,1
3713903541,3713815420,1
3713903541,3713815422,1
3713903549,8406515013,2
3713903552,3713903555,1
3713903555,3713903562,1
3713903555,10007040666,1
3713903562,3676767755,2
3713903562,3713903559,2
3761448791,3761448796,2
3761448791,3761448798,2
3771910721,7596712870,1
3772022524,280021805,2
3779551368,249639218,4
3783121586,3783121587,2
3783121587,3783121586,2
3822941271,10004928515,2
3830002742,1579405435,2
3931242758,6952974537,1
3996249657,4950676396,1
4033524128,266702699,1
4033524128,7456869359,1
4087209643,4725608644,1
4092911577,24956250,2
4191517115,274068932,4
4199695688,4199695805,2
4199695790,300562272,2
4199695800,4199695797,2
4199695801,4199695686,2
4199695805,4199695688,2
4225167464,1064956110,2
4230604095,3410464531,2
4230604122,9893481634,2
4243252161,1063570429,2
4243252171,1357615533,2
4245959284,4985777716,1
4252997883,4296995242,1
4289244937,4289244949,2
4289244939,3092851649,1
4289244939,5798220235,1
4289244940,4289244939,1
4289244945,3092851649,2
4289244945,5798220236,1
4296995242,10437897,3
4296995242,4252997883,1
4305444782,3425425153,4
4305444788,3425425153,4
4393194477,8115914,1
4393194485,1598911594,1
4393194485,4393194734,1
4393194734,1598907886,1
4393194734,4393194485,1
4393194749,4393194752,1
4393194752,4393194749,1
4393194752,10567765627,1
4393194752,10567765633,1
4393194753,8115914,1
4404424554,5015464986,1
4428907406,543377604,2
4448244352,5297638233,1
4448244352,5297638234,1
4448244353,4684161321,1
4481327742,4481327743,1
4481327743,4481327742,1
4482360385,4482360386,1
4482360386,8217858,1
4482360386,4482360385,1
4482361691,3679259118,1
4484056197,3695337477,2
4484056202,3695337476,1
4502272958,9948078910,2
4502272958,9948078911,1
4502272972,727392860,1
4502272972,4502272987,1
4502272974,4502272979,1
4502272979,4502272974,1
4502272979,4502272980,1
4502272979,4502272984,1
4502272980,4502272979,1
4502272980,4502272985,2
4502272982,4502272987,1
4502272984,4502272979,1
4502272985,4502272980,2
4502272986,4502272987,1
4502272987,4502272972,1
4502272987,4502272982,1
4502272987,4502272986,1
4502272987,4502272988,1
4502272988,4502272987,1
4502272991,4502273006,1
4502273005,4502273006,1
4502273006,4502272991,1
4502273006,4502273005,1
4514270009,7673074,1
4514270009,4514270010,1
4514270010,4514270009,1
4514270010,4514275720,2
4515629280,1555730315,2
4524327180,9893481691,1
4527950107,4527950108,2
4579502142,5274881181,2
4594375115,25951202,10
4604442729,10229248949,1
4608009844,4608009859,2
4608009855,4608009856,2
4608009856,4608009855,2
4608009859,4608009844,2
4614984637,8226678,1
4614984637,10594232160,1
4614984644,9156241447,1
4625203789,1584143227,2
4638070635,4638070641,2
4638070642,7397299,2
4638122037,4638122044,2
4638122044,4638122037,2
4638122044,4638122049,2
4638122049,4638122044,2
4645880154,727392860,1
4652099948,267024700,4
4669036170,9834698447,2
4669036178,8923658779,1
4669043012,1388596033,2
4669043028,2255974214,1
4669322436,4669322445,2
4669322445,4669322436,2
4684161321,4448244353,1
4692520609,10671281868,1
4692520610,10676015848,1
4720940851,4720940857,1
4720940851,4720940864,1
4720940857,4720940851,1
4720940864,4720940851,1
4725608644,4087209643,1
4725608650,1628379741,2
4730948518,276073724,2
4789456563,2367865231,4
4876779881,4876779880,5
4878969895,6949628467,4
4888130552,569015224,2
4927543941,4927543943,2
4927543941,8441650299,2
4927567104,17551032,2
4929000954,4929000955,3
4929074992,4929074991,4
4935428633,577282497,1
4935428633,577282509,1
4935428633,5114682731,1
4945414570,8473326,2
4945414572,8099305,2
4945414574,4950643825,2
4945414577,8899944,1
4945414577,257790087,1
4945414579,8891513,2
4945414579,4945414577,1
4945423171,8891513,2
4945423171,435681911,2
4945423171,1236989662,2
4950627317,16495107,1
4950627317,1619442323,1
4950643825,3632717593,1
4950643825,4945414574,2
4950676396,3996249657,1
4950749454,4950749455,1
4950749455,4950749454,1
4950834279,6952369737,5
4950834281,4950834280,2
4950834281,6352788972,1
4950834282,6352788976,1
4950834284,5504104726,1
4950834286,6952369738,6
4950924984,4950924985,1
4950924985,4950924984,1
4950924986,4950924987,1
4950924987,4950924986,1
4972445177,790120764,1
4980714607,4980714609,2
4980714607,8188786463,1
4980714609,4980714607,2
4980714609,4988130908,2
4980714610,4980714612,2
4980714612,4980714610,2
4980714612,4980714615,2
4980714615,538264851,1
4980714615,4980714612,2
4985632253,4985777716,1
4985632255,7663271,2
4985777716,4985632253,1
4985777716,9385675833,1
4988130908,4980714609,2
5001051721,6040938992,2
5015464986,7670465,1
5015464986,3783121586,1
5037644597,1051817889,1
5037644597,1052300762,1
5037644597,1573985918,3
5065870648,2257829658,1
5065870650,5066122141,1
5066122141,5065870650,1
5066122141,9302703981,1
5068032530,3199215093,1
5068032530,5068032537,2
5068032537,5068032530,2
5068032537,5068032578,1
5068032537,5068032670,1
5068032578,5068032537,1
5068032578,5068032579,3
5068032579,299587792,1
5068032580,5068032595,2
5068032670,5068032537,1
5068032675,5068032695,1
5068032695,5068032693,3
5068032701,3198515811,3
5073252280,1040150223,1
5073252280,1896822366,1
5101220002,4929000954,1
5109935211,26154494,1
5109935211,1958097454,1
5114682610,577282497,2
5114682731,4935428633,1
5140938587,5140938589,2
5140938589,5140938587,2
5200116751,697822,1
5221432429,5933881443,2
5274881181,4579502142,2
5290329322,4714895441,2
5297638233,4448244352,1
5297638233,5297638236,1
5297638234,4448244352,1
5297638234,5297638235,1
5297638235,5297638234,1
5297638235,5697302064,1
5297638236,5297638233,1
5297638236,5297638240,1
5297638240,5297638236,1
5297638245,5297638250,1
5297638250,5297638245,1
5298342754,26635739,2
5305065025,5451372893,2
5316658774,1629913404,1
5316658774,5316658776,1
5316658774,5316658779,1
5316658777,5316658774,1
5319150008,8089402,1
5394379171,5394379172,2
5394379172,5394379171,2
5394379174,5394379177,2
5394379177,5394379174,2
5394379198,5394379199,1
5394379199,5394379198,1
5394379200,1853300071,1
5394379326,18227470,1
5394379326,330975756,1
5394379326,2472107013,1
5394379328,1512950420,1
5411125466,12731106,1
5419101134,5305065025,1
5419101134,5419101135,1
5419101134,5451372890,1
5419101135,5419101134,1
5423479410,1411001724,2
5423479411,3676767765,2
5423479415,3047095448,2
5423479416,5423479418,1
5423479417,5423479418,1
5423479418,5423479416,1
5423479418,5423479417,1
5423479418,5423480834,1
5423479419,298480597,2
5423480834,5423479418,1
5440433377,1050213876,1
5440433377,4876779862,1
5451372890,5419101134,1
5504104391,283110551,1
5504104515,5504104523,2
5504104523,5504104515,2
5504104611,1038414672,2
5504104726,4950834284,1
5504104726,6352788972,2
5520860819,9704717403,1
5538722936,6547596558,2
5538725457,6328331001,2
5538725457,9864759531,2
5680196413,5680196414,2
5680196414,5680196413,2
5680196415,595293330,2
5680196749,5680196750,2
5680196750,5680196749,2
5694063698,5694063699,2
5694063698,5694063706,2
5694063699,5694063698,2
5694063699,5694063700,5
5694063700,5694063699,5
5694063706,5694063698,2
5697186645,8546304,1
5697186645,2255974223,1
5697302064,5297638235,1
5699199823,5699199824,4
5699199824,5699199823,4
5699199827,5699199870,2
5699199846,10045101147,2
5699199858,5699199923,2
5699199860,10004299254,1
5699199870,5699199827,2
5699199923,5699199858,2
5699199923,8923658779,1
5703164397,9817168311,1
5706462977,2472107031,1
5711295382,5711295388,1
5711295388,557893237,1
5714634286,283549495,1
5714634293,6835712355,1
5714634293,8491663725,2
5793453484,4579502125,2
5798220235,4289244939,1
5798220236,4289244945,1
5824034045,976030621,6
5894960401,8313980681,1
5930919861,790120764,1
5933881443,5221432429,2
5970423248,3100567815,1
5970423248,3100567816,1
5999985006,2428201599,1
6036958723,9945366987,2
6040935373,6040935378,1
6040935374,6040938992,1
6040935378,6040935373,1
6040938992,6040935374,1
6040938992,6040935376,2
6043320712,6043320720,1
6043320712,6043320721,2
6043320720,6043320712,1
6043320721,6043320712,2
6048839136,6048840410,1
6048839178,6048839934,1
6048839685,6048839686,1
6048839686,6048839685,1
6048839686,9800185793,2
6048839687,6048839695,1
6048839693,6048839686,1
6048839693,6048839750,3
6048839693,6050687051,2
6048839696,6048839693,1
6048839700,6048839750,1
6048839700,6048839752,1
6048839703,6048839750,2
6048839740,6050687051,2
6048839750,6048839693,3
6048839750,6048839700,1
6048839750,6048839703,2
6048839752,6048839700,1
6048839934,6048839178,1
6048839938,8097253,1
6048839938,3279874610,4
6048839938,6048884463,1
6048839939,6048840265,1
6048839939,6050687051,1
6048839944,2226036755,1
6048839944,6048884455,1
6048840265,6048839939,1
6048840410,3279874620,3
6048840410,6048839136,1
6048840410,9950154962,2
6048884455,2428201599,4
6048884455,6048839944,1
6048884455,6048884458,2
6048884458,3627218951,1
6048884458,6048884455,2
6048884463,3627218946,2
6048884463,6048839938,1
6048940990,6048940992,3
6048940992,6048940990,3
6050687051,6048839693,2
6050687051,6048839740,2
6050687051,6048839939,1
6233139612,2036142132,2
6233139612,10931542880,2
6296200450,10027835739,2
6328325387,1234226386,2
6328325387,3623358704,2
6328329848,6328329849,1
6328329849,1496408439,1
6328329849,1619530970,1
6328329849,6328329848,1
6328331001,5538725457,2
6352788964,6352788976,1
6352788972,4950834281,1
6352788972,5504104726,2
6352788972,6352788967,3
6352788976,4950834282,1
6352788976,6352788972,1
6357644303,8320557954,2
6357644306,2378383724,4
6357644306,6357644350,2
6357644312,6357644339,2
6357644356,1281827889,4
6359420314,1181499859,1
6359420472,6359420470,2
6359420521,569012948,2
6444626092,8334638451,1
6465638889,13118558,2
6465638892,5193854240,4
6469570343,10956822537,2
6476369086,7766780,1
6476369086,14781941,1
6496142652,4876445706,1
6496142664,7741036,2
6498627372,10044965993,2
6498627376,10044965954,1
6498627376,10044966003,1
6498642292,9384618385,1
6498642292,9384618408,2
6498707586,272862078,1
6498707586,9384618369,1
6509427553,8300566277,2
6509427553,8491602210,1
6509427553,9813222261,1
6531895201,2940749198,1
6547596558,5538722936,2
6651812343,3626959237,2
6695972767,7588108463,2
6759510908,6760379502,2
6759510908,8289881062,2
6759510909,6760379503,2
6760379501,6760379502,2
6760379502,6759510908,2
6760379502,6760379501,2
6760379503,6759510909,2
6796507753,10651284782,2
6796507756,10648851108,1
6796507756,10659728203,1
6796507758,6796507762,2
6796507758,10651284755,2
6796507760,10589932722,1
6796507762,2912495362,2
6796507762,6796507758,2
6796507767,10651284780,3
6796507771,2918615959,1
6796507771,10669454587,2
6835712355,5714634293,1
6835712355,8491663723,1
6838264373,8085683,2
6838264373,6838288924,2
6838288924,6838264373,2
6838577630,6838686809,1
6838670677,6838686815,1
6838686787,6838686804,1
6838686787,6838686815,2
6838686795,6838686813,1
6838686804,6838686787,1
6838686809,6838577630,1
6838686813,6838686795,1
6838686815,6838670677,1
6854176729,7729856017,1
6854176729,8676366217,1
6854176730,8500169642,1
6863780754,9719784477,1
6863780757,6863780758,1
6863780757,8491663725,1
6863780758,6863780757,1
6863780760,8491602213,1
6913910377,1064256599,3
6913910377,2025460909,2
6923443792,6923443819,10
6923443792,6923443832,15
6923443801,6923443806,1
6923443801,6923443832,1
6923443806,6923443801,1
6923443810,6923443822,3
6923443819,6923443792,10
6923443822,6923443810,3
6923443831,1051217434,1
6923443831,2479454888,1
6923443831,6923443832,1
6923443831,6952355268,15
6923443832,1051217434,1
6923443832,6923443792,15
6923443832,6923443801,1
6923443832,6923443831,1
6937813497,294222469,1
6943466040,8803282734,1
6949628468,3713903559,4
6949628469,3713903562,2
6949920968,1633822556,2
6952355268,6923443831,15
6952369737,6952369738,1
6952369738,6952369737,1
6952369739,4950834281,3
6952537718,10004928515,1
6952603834,9795471037,2
6952974537,3931242758,1
6952974537,10015689501,1
6952974537,10015793007,1
6979216245,2096341256,11
6979216271,9151044941,8
6981867737,7432898409,1
6981867737,8463158124,1
6991051645,1512958855,2
7097821791,7432898425,1
7097821792,7432898409,1
7097821793,7432898409,1
7097821793,7432898414,1
7097821793,7432898421,1
7097821794,7432898424,1
7097821795,8349633308,1
7151874701,7456869361,2
7187568402,2353726390,4
7187568420,7187568423,2
7187568421,2302924770,2
7187568423,2683325896,2
7187568423,7187568420,2
7199832086,8097236,2
7199832088,8097236,2
7303890542,477441833,1
7303890542,1412122343,1
7303890543,7303890547,1
7303890544,7303890546,1
7303890545,1286659446,1
7303890545,7303890546,1
7303890546,7303890544,1
7303890546,7303890545,1
7303890547,7303890543,1
7303890548,10802018141,1
7303890548,10802018143,1
7303890549,477438179,1
7303890549,10232706978,1
7303890553,477438179,1
7303890554,10802018069,1
7303890583,10244979550,1
7303890583,10244979569,1
7303890584,7303911687,1
7303911685,7303911686,1
7303911685,10211497443,1
7303911686,610608424,1
7303911686,7303911685,1
7303911687,7303890584,1
7303911688,7807326,1
7320237231,792009,2
7323741265,7323741266,1
7323741266,7323741265,1
7323741274,9830972390,1
7369381131,7369381132,1
7369381132,7369381131,1
7369381132,7369381138,1
7369381134,7369381139,1
7369381138,7369381132,1
7369381139,7369381134,1
7369381145,9353042580,2
7369381151,7369381157,2
7369381151,7369381159,1
7369381157,7369381151,2
7369381159,7369381151,1
7370195729,9775022315,4
7373450460,3646996358,1
7403412660,1623906020,1
7403412660,7403412662,1
7403412662,7403412660,1
7403412662,7403412667,1
7403412663,7403412664,1
7403412664,7403412663,1
7403412667,7403412662,1
7424040097,7424040121,1
7424040103,7424040144,1
7424040103,8371189150,1
7424040108,10206788131,2
7424040119,10206270556,2
7424040120,7424040121,1
7424040121,7424040097,1
7424040121,7424040120,1
7424040135,7424040138,1
7424040138,7424040135,1
7424040138,7961816225,2
7424040139,3296230846,2
7424040139,8371098906,1
7424040144,7424040103,1
7424040152,7878554412,1
7427909255,8085680,2
7432898409,6981867737,1
7432898409,7097821792,1
7432898409,7097821793,1
7432898409,7432898410,1
7432898410,7432898409,1
7432898413,6981867737,1
7432898413,7432898414,2
7432898414,7097821793,1
7432898414,7432898413,2
7432898417,7432898418,2
7432898418,298464610,1
7432898418,7432898417,2
7432898420,687876,1
7432898421,7097821793,1
7432898423,298464610,1
7432898424,7097821794,1
7432898425,7097821791,1
7432898427,298464610,1
7434184301,7434184326,2
7434184302,7434184327,2
7434184303,7434184328,2
7434184308,7434184317,1
7434184317,7434184308,1
7434184317,7434184322,1
7434184319,73060204,1
7434184319,7434184325,1
7434184322,7434184317,1
7434184325,7434184319,1
7434184326,7434184301,2
7434184327,7434184302,2
7434184328,7434184303,2
7439532562,1059603099,1
7439532562,1059603103,1
7439532563,1059603099,1
7439532563,1059603103,1
7444528658,7444528659,1
7444528659,7444528658,1
7444528659,10103446853,1
7444528661,10103446837,3
7456869359,4033524128,1
7456869361,7151874701,2
7464628635,8459777,2
7570727614,7570731187,10
7570731174,7570731193,10
7588108458,1190835755,1
7588108462,7588108463,2
7588108463,6695972767,2
7588108463,7588108462,2
7596712870,3771910721,1
7600398062,2378383736,1
7660309620,7370195727,1
7660309620,7660309621,1
7660309621,4581844459,2
7660309621,7660309620,1
7726312670,7726312671,1
7726312671,7726312670,1
7726386210,7726386212,2
7726386212,7726386210,2
7726386288,7726386291,2
7726386291,7726386288,2
7726386303,7726386366,2
7726386313,8555330877,1
7729856003,7729856004,1
7729856004,2378383736,1
7729856004,7729856003,1
7729856017,6854176729,1
7729856019,7729856027,1
7729856027,7729856019,1
7815541520,7815541521,4
7815541521,7815541520,4
7836945748,2602121817,3
7848738156,9353042579,1
7848738156,9353045426,1
7848738160,7848738162,1
7848738162,7848738160,1
7848738162,7848738163,1
7848738163,7848738162,1
7848738163,7848738167,2
7848738167,7848738163,2
7854846731,2460384709,2
7878554387,9431343606,2
7878554390,8371239036,2
7878554399,7424040103,1
7878554401,7878554399,1
7878554402,7878554401,3
7878554412,7424040152,1
7878554412,7878554413,1
7878554412,9431343606,1
7878554413,7878554390,2
7878554413,7878554412,1
7899100609,7899100614,1
7899100614,7899100609,1
7899100619,7899100621,1
7899100621,7899100619,1
7899100659,618888988,1
7904807283,1152732078,2
7912308880,1944632366,1
7919008812,7919008814,1
7919008814,7919008812,1
7961816225,7424040138,2
8140950016,9806211135,1
8188786463,4980714607,1
8223078111,2940749198,1
8289881062,6759510908,2
8298205431,298480575,2
8300566262,8491602215,1
8300566271,9813222261,1
8300566277,6509427553,2
8313980681,5894960401,1
8313980700,8313980703,1
8313980703,8313980700,1
8313980705,8313980707,1
8313980707,8313980705,1
8320557954,6357644303,2
8334638451,1801254752,1
8334638452,1055892,1
8349633308,7097821795,1
8371098906,7424040139,1
8371098906,8371189156,1
8371189150,8371189156,1
8371189156,8371098906,1
8406515013,257790005,2
8406515013,763646727,2
8406515013,3713903549,2
8436186956,8436186957,1
8436186956,8436186958,1
8436186956,9944631044,1
8436186956,10039621393,1
8436186957,8436186956,1
8436186957,8457775437,2
8436186958,8436186956,1
8436186958,9353042609,1
8436186958,10733151305,1
8440949230,8440949265,4
8440949259,8440949264,2
8440949264,8440949246,2
8440949264,8440949259,2
8440949267,8440949268,2
8440949268,8440949231,4
8441650293,1568601459,2
8441650297,6952518839,2
8447078654,1412162903,2
8447078656,8538443,2
8447283477,1610642276,2
8457775437,8436186957,2
8463158124,6981867737,1
8488839124,8488839126,1
8488839126,8488839124,1
8489747557,697822,1
8489747558,268690828,2
8491602201,2899149634,2
8491602210,6509427553,1
8491602210,8491602215,1
8491602211,8491602214,1
8491602212,8491602213,1
8491602212,8491663724,1
8491602213,6863780760,1
8491602213,8491602212,1
8491602215,8300566262,1
8491602215,8491602210,1
8491663722,8491663723,1
8491663723,2691486189,1
8491663723,6835712355,1
8491663723,8491663722,1
8491663725,5714634293,2
8491663725,6863780757,1
8500169642,3636387522,1
8500169642,6854176730,1
8500169643,8500169649,1
8500169649,8500169643,1
8500302871,1059565458,1
8500302871,1059565528,1
8500302872,1059565488,1
8529636543,1223225275,2
8540620483,598201537,6
8540620494,598201555,2
8553130644,8553130645,1
8553130645,8553130644,1
8555330877,7726386313,1
8571002828,8082319,2
8571002835,8089162,2
8644585630,698650,4
8644585635,299498437,4
8674286120,8674300762,2
8674300757,8674300760,1
8674300760,8674300757,1
8674300762,8674286120,2
8676333000,8676333001,1
8676333001,93984250,1
8676333001,8676333000,1
8676333002,298795691,1
8676333003,7729856027,1
8676333003,8676366217,1
8676366217,6854176729,1
8676366217,8676333003,1
8691876260,1568601459,2
8691876260,8691876266,2
8691876266,8691876260,2
8691876266,8691876267,1
8691876266,8691876272,1
8691876267,8691876266,1
8691876272,8691876266,1
8710151408,2940373755,2
8752090476,1055752,2
8803282734,6943466040,1
8803282739,6943466040,1
8803282743,8078465,1
8852856975,10570665040,1
8923658654,790120764,1
8923658779,4669036178,1
8923658779,5699199923,1
8973893763,10653115985,1
8976545062,7712508,5
8977497987,698030,1
8977497989,1681559095,2
8977497989,8977497987,1
8977497991,2378150442,1
8977497991,9955699297,1
8977497995,2206895597,1
8977497997,2378150445,1
9067467682,9067467684,2
9067467684,9067467682,2
9091553422,1631288037,1
9151044933,9151044941,8
9151044941,6979216271,8
9151044941,9151044933,8
9156241446,1614232469,1
9156241447,4614984644,1
9219069286,3425425153,4
9237176831,2918615959,2
9249468996,9249469016,1
9249468999,10653115979,1
9249469001,10653115979,1
9249469005,10649508123,1
9249469008,10669404297,1
9249469013,2912495366,6
9286507854,251082727,2
9302703981,5066122141,1
9320496923,2595937408,1
9324309778,308641400,2
9324326025,2933638491,2
9349799273,1052708411,2
9353042579,7848738156,1
9353042580,7369381145,2
9353042583,10186098848,2
9353042609,8436186958,1
9353045426,7848738156,1
9360188349,279973460,2
9370627007,278385085,2
9384618369,6498707586,1
9384618369,9736435402,1
9384618385,6498642292,1
9384618408,6498642292,2
9384618409,9384618410,2
9384618410,9384618409,2
9384618413,9736435402,1
9384618413,10599217399,2
9384786220,1531505278,2
9431343605,9431343607,2
9431343606,7878554387,2
9431343606,7878554412,1
9431343607,1364396418,2
9431343607,9431343605,2
9501012613,10570665035,1
9501012614,9924430857,1
9501036421,2336904077,1
9501036421,3594065873,1
9501036423,2336904077,1
9527097584,9527097588,1
9527097588,9527097584,1
9527097588,9810487392,1
9545675066,9545675075,2
9545675075,9545675066,2
9580877227,9934420169,1
9580877230,9934420172,1
9580877236,9934420169,1
9582854920,270109828,1
9598423373,31829190,2
9598469633,9598469634,1
9598469634,9598469633,1
9598469634,9598469635,1
9598469634,9598469640,1
9598469635,9598469634,1
9598469636,10132442675,1
9598469640,9598469634,1
9607479989,9607479996,1
9607479996,9607479989,1
9607479996,10005340541,1
9651651551,9651651554,1
9651651554,9651651551,1
9651651557,296206871,1
9704717403,26201555,1
9704717403,5520860819,1
9704717407,2042811789,1
9704717407,2505920896,1
9712542354,2691486189,2
9719784477,6863780754,1
9736435402,9384618369,1
9736435402,9384618413,1
9736435402,10599217399,1
9743390712,1853300069,1
9758327186,9758327189,1
9758327186,10012306473,1
9758327189,9758327186,1
9758327189,9934420175,1
9775022315,7370195729,4
9775022316,10870256102,4
9782463283,1051720385,8
9782463283,1573985918,5
9795471037,1853300069,1
9795471037,6952603834,2
9800185794,6048839685,1
9800309575,10039621389,2
9806211135,8140950016,1
9810487392,9527097588,1
9810487392,9810487394,1
9810487394,9810487392,1
9810546184,577282536,2
9813222261,6509427553,1
9813222261,8300566271,1
9814757529,9814757536,3
9814757536,9814757529,3
9815599889,31893691,2
9817168311,5703164397,1
9817494546,9819171150,2
9819171145,9819171151,1
9819171150,9817494546,2
9819171151,9819171145,1
9830972390,7323741274,1
9830972395,9830972396,1
9830972396,9830972395,1
9830972396,9945366988,1
9833444992,9834619251,1
9833479277,9834619254,1
9833479278,9834619251,1
9834619250,9834619252,1
9834619251,9833444992,1
9834619251,9833479278,1
9834619252,9834619250,1
9834619253,9834619255,1
9834619254,9833479277,1
9834619255,9834619253,1
9834619255,9834619257,1
9834619257,9834619255,1
9834698447,4669036170,2
9834698468,10240929919,1
9834698577,9834698622,2
9834698597,9834698602,2
9834698602,9834698597,2
9834698616,9834698632,2
9834698620,1570026212,1
9834698620,9834698621,1
9834698620,9834698643,1
9834698621,9834698620,1
9834698622,9834698577,2
9834698622,9834698632,2
9834698632,9834698616,2
9834698632,9834698622,2
9834698643,9834698620,1
9836262371,9955699297,1
9836262383,2327433450,1
9836262383,9836290324,1
9836262407,290726385,1
9836290324,9836262383,1
9837951694,287346618,1
9837951694,9837951706,1
9837951706,9837953918,1
9837951706,9913432245,1
9841230523,9841230524,1
9841230524,9841230523,1
9850840304,2647428583,1
9850840305,2647428580,1
9864759529,9864759531,2
9864759531,5538725457,2
9864759531,9864759529,2
9865460415,9865460413,2
9865771061,9950154972,1
9865771100,9865771101,2
9865771101,8226675,1
9867029834,7846717,2
9874238385,8087225,2
9877017461,562654462,2
9877050220,9877050222,2
9877050222,9877050220,2
9893481617,9893481657,2
9893481634,4230604122,2
9893481661,1579567759,2
9893481662,1623906347,2
9893481663,1579567702,2
9893481684,9893481702,2
9893481686,2042811820,2
9893481686,9893481691,1
9893481691,4524327180,1
9893481691,9893481686,1
9893481691,9893481693,1
9893481693,9893481691,1
9905698232,1227107801,2
9905698234,927293730,2
9910032126,9910032133,2
9910032133,9910032126,2
9913432245,9837951706,1
9913432248,9913432256,2
9913432256,9913432248,2
9924391412,9924430818,1
9924430818,9924391412,1
9924430848,727419782,3
9924430857,9501012614,1
9924430858,10635095742,2
9925622419,9951537148,1
9934420169,9580877227,1
9934420169,9580877236,1
9934420172,8574698,1
9934420174,9934420175,1
9934420175,9758327189,1
9934420175,9934420174,1
9934420175,9994887804,1
9944631042,9944631044,1
9944631044,8436186956,1
9945366987,6036958723,2
9945366988,9830972396,1
9945366988,9945366992,1
9945366991,9945366992,1
9945366992,9945366988,1
9945366992,9945366991,1
9945366992,9945366994,1
9945366994,9945366992,1
9946151094,12725370,2
9948078901,3009249955,3
9948078902,9948078910,3
9948078910,4502272958,2
9948078910,9948078902,3
9948078911,4502272958,1
9949845692,10570665047,2
9950154962,6048840410,2
9950154962,9950154963,3
9950154962,9950154968,1
9950154963,9950154962,3
9950154968,9950154962,1
9950154972,9865771061,1
9951186637,9951537148,2
9951537148,9925622419,1
9951537148,9951186637,2
9952724266,9952724271,1
9952724266,9952724272,1
9952724271,9952724266,1
9952724272,9952724266,1
9954881868,8089402,1
9955699297,8977497991,1
9955699297,9836262371,1
9956803468,1052225650,3
9977126266,10733151307,1
9977126267,7660309620,1
9994887801,9994887809,1
9994887804,9934420175,1
9994887806,9994887809,1
9994887806,10014235115,2
9994887809,9994887801,1
9994887809,9994887806,1
9997256329,9997256334,1
9997256334,9997256329,1
10001949942,10001949970,1
10001949970,10001949942,1
10001949970,10001949973,1
10001949973,10001949970,1
10001949977,10009616096,1
10001949989,10009616096,1
10004299254,25248629,1
10004299254,5699199860,1
10004663141,8082316,2
10004928515,5706462977,1
10004928515,6952537718,1
10004928515,10004960719,2
10004960719,10004928515,2
10005340541,9607479996,1
10007040666,3713903555,1
10007040667,10007040671,4
10007040671,10007040667,4
10009616096,10001949977,1
10009616096,10001949989,1
10012306473,9758327186,1
10014235115,9994887806,2
10015689501,6952974537,1
10015793007,6952974537,1
10027835739,6296200450,2
10039621389,9800309575,2
10039621393,8436186956,1
10044965953,10044965954,1
10044965954,6498627376,1
10044965954,10044965953,1
10044965954,10044973873,1
10044965954,10044973875,1
10044965979,10044965993,2
10044965979,10044973893,2
10044965993,6498627372,2
10044965993,10044965979,2
10044965994,10044965997,1
10044965994,10044973837,1
10044965997,10044965994,1
10044965997,10044966003,1
10044965997,10044973840,2
10044966000,10044966003,1
10044966003,6498627376,1
10044966003,10044965997,1
10044966003,10044966000,1
10044966003,10044966004,1
10044966003,10044973840,1
10044966004,10044966003,1
10044973837,10044965994,1
10044973840,10044965997,2
10044973840,10044966003,1
10044973840,10044973841,1
10044973841,10044973840,1
10044973841,10044973845,1
10044973845,10044973841,1
10044973873,10044965954,1
10044973875,10044965954,1
10044973893,10044965979,2
10044973893,10044973897,2
10044973897,10044973893,2
10045101147,5699199846,2
10049119425,10049119426,2
10049119426,10049119425,2
10049119433,314435399,1
10054014782,8082281,2
10054014788,269938616,1
10092518389,7670450,1
10092518390,7670450,1
10103446837,7444528661,3
10103446853,7444528659,1
10126553995,8082318,1
10130034971,3559238195,3
10131037295,3207920894,9
10132442675,9598469636,1
10132442684,7673090,1
10132442688,10132442694,1
10132442694,10132442688,1
10155079966,2207188959,2
10161917812,10908450602,1
10161917813,10908450602,1
10161917814,10908450603,1
10186098848,9353042583,2
10206270556,7424040119,2
10206788124,10206788131,2
10206788131,7424040108,2
10206788131,10206788124,2
10206801126,10206801157,1
10206801129,10206801144,1
10206801138,10206801157,1
10206801144,10206801129,1
10206801144,10206801187,1
10206801157,10206801126,1
10206801157,10206801138,1
10206801187,10206801144,1
10211497443,7303911685,1
10229248949,4604442729,1
10229248949,10229248950,2
10229248950,3630841681,2
10229248950,10229248949,2
10232706978,7303890549,1
10232707002,297902586,2
10233248876,291744070,1
10233262218,1871870734,3
10233262326,3627218951,1
10240847308,10607983988,1
10240929919,9834698468,1
10240929919,10608039741,1
10244979550,7303890583,1
10244979569,7303890583,1
10244979571,10244979587,1
10244979571,10244989546,2
10244979587,10244979571,1
10244979587,10244979607,1
10244979587,10244989546,1
10244979607,10244979587,1
10244989546,10244979571,2
10244989546,10244979587,1
10271385848,14781967,2
10537342750,10537342753,1
10537342753,7673076,1
10537342753,10537342750,1
10566474918,10566474939,2
10566474939,1944632366,1
10566474939,10566474918,2
10567765627,4393194752,1
10567765633,4393194752,1
10567931011,10567931012,3
10567931012,10567931018,3
10570480232,10570480248,4
10570480248,10570480232,4
10570480249,20908366,4
10570665021,10570665040,1
10570665035,9501012613,1
10570665040,10570665021,1
10570665040,10599103976,1
10570665047,9949845692,2
10589601461,2912495367,1
10589601461,10648833303,1
10589601497,10648833300,1
10589932722,6796507760,1
10594232160,4614984637,1
10599103976,10570665040,1
10599217399,9384618413,2
10599217399,9736435402,1
10601826626,7712484,2
10607983988,10240847308,1
10607983988,10607983995,1
10607983995,10607983988,1
10607983995,10608039710,1
10608039710,10607983995,1
10608039710,10608039731,1
10608039710,10608039751,1
10608039731,10608039710,1
10608039741,10240929919,1
10608039741,10608039743,1
10608039743,10608039741,1
10608039743,10608039751,1
10608039751,10608039710,1
10608039751,10608039743,1
10635095720,10635095742,1
10635095742,299742416,1
10635095742,9924430858,2
10635095742,10635095720,1
10648833302,2912489609,1
10648833302,10648833299,1
10648833303,10648833302,6
10648851108,6796507756,1
10649508123,9249469005,1
10651284755,2765619898,1
10651284755,6796507758,2
10651284771,2913469209,1
10651284771,10651284779,1
10651284779,2912495370,2
10651284779,10651284771,1
10651284780,6796507767,3
10651284782,6796507753,2
10653115971,9249468996,1
10653115976,9249468996,1
10653115977,10653115976,2
10653115979,9249468999,1
10653115979,9249469001,1
10653115985,1866790193,1
10653115985,8973893763,1
10653115985,10676015867,1
10653115989,10653115976,2
10655453906,10655453925,1
10655453925,10655453906,1
10655453925,10659676461,1
10655888676,2912495368,1
10655888676,10659728202,2
10657723411,10657723413,1
10657723412,10669454587,1
10657723413,10657723411,1
10659676461,2765619854,3
10659676461,10655453925,1
10659728202,10655888676,2
10659728203,2912495370,2
10659728203,6796507756,1
10659832597,10570665046,1
10659832597,10676015858,1
10669404297,9249469008,1
10669454587,6796507771,2
10669454587,10657723412,1
10671258092,10671283566,1
10671258092,10676015869,1
10671281863,10671281868,1
10671281863,10676015869,1
10671281868,2367865351,1
10671281868,4692520609,1
10671281868,10671281863,1
10671283566,10671258092,1
10671283566,10676015855,1
10674353712,2393603490,1
10675847885,10675852806,1
10675852806,8217859,1
10675852806,10675847885,1
10675960410,10676015858,1
10676015848,4692520610,1
10676015850,5316658779,1
10676015851,10676015848,1
10676015855,10671283566,1
10676015858,10659832597,1
10676015862,2393603490,1
10676015869,10671258092,1
10676015869,10671281863,1
10676015869,10676015855,1
10677635662,10599103976,2
10718569192,10718569195,1
10718569195,10718569192,1
10733151305,8436186958,1
10802018069,477438276,1
10802018069,7303890554,1
10802018090,10802018102,2
10802018102,10802018090,2
10802018109,10802018129,1
10802018129,10802018109,1
10802018141,7303890548,1
10802018143,7303890548,1
10802018146,297902599,2
10815343719,10815343730,2
10815343730,10815343719,2
10815343732,10815343733,2
10815343733,1411996786,2
10815343733,10815343732,2
10815916206,297902585,1
10831678623,849698882,2
10832230281,3635229226,2
10832230281,10832230284,2
10832230284,3635266133,3
10832230284,10832230281,2
10832288907,2378383731,1
10851600928,10851600929,2
10851600929,10851600928,2
10870256102,9775022316,4
10881721166,10882731183,2
10881721167,10882731182,2
10882731182,10881721167,2
10882731183,10881721166,2
10888538909,10888538911,1
10888538911,10888538909,1
10895004017,1803909395,6
10895031497,20930965,2
10900092744,10900092755,2
10900092755,10900092744,2
10902253065,10902253078,2
10902253078,10902253065,2
10902459893,2912495363,1
10908450602,10161917812,1
10908450602,10161917813,1
10908450603,7313647,1
10908450603,10161917814,1
10931542880,6233139612,2
10956822537,6469570343,2
10964856176,1189253953,2
11002100444,11002100463,4
11002100463,11002100444,4
11039263874,1281443548,2
